DATE,DAY,CLOSEP (ABBANK),CLOSEP (BANKASIA),CLOSEP (EBL),CLOSEP (DUTCHBANGL),CLOSEP (IFIC),CLOSEP (JAMUNABANK),CLOSEP (MTB),CLOSEP (NCCBANK),CLOSEP (SOUTHEASTB),CLOSEP (UCB)
2014-01-01,1,26.1,22,28.7,105.4,33.9,16.3,16,13,18.4,25.3
2014-01-02,2,25.9,21.5,28.5,105.7,33.5,16.1,16,13,18.3,25.3
2014-01-06,3,25.8,20.1,28.2,103.6,33.2,16,16,12.8,18.1,24.8
2014-01-07,4,25.6,20.7,27.9,103.3,33.9,16.2,16,12.9,18,24.8
2014-01-08,5,26,20.6,28,102,34.4,16.1,16,13,18,25.6
2014-01-09,6,25.9,20.6,27.9,102.6,33.7,16.3,16,12.9,17.9,25.9
2014-01-12,7,25.9,20,27.7,104.4,33.9,15.8,16,12.9,18.1,25.9
2014-01-13,8,26.5,20.6,28.3,105.4,35.6,16.2,16,13.1,18.4,26.6
2014-01-15,9,26.8,21,29.3,104.5,35.9,16.4,16,13.3,18.6,27.2
2014-01-16,10,27.6,21.3,29,105.7,36.1,16.4,16,13.5,19.3,28.3
2014-01-19,11,27.9,22.5,29.8,106.6,36.6,16.5,16,13.7,19.4,29
2014-01-20,12,27.4,21.7,29.8,105.3,35.6,16.5,16,13.5,19.1,28.7
2014-01-21,13,27.4,21.4,29.8,107.4,35.3,16.5,16,13.4,19.4,28.7
2014-01-22,14,27.8,21.3,29.9,118,35.4,16.6,16,13.5,19.3,29
2014-01-23,15,28.9,21.8,30.3,124.4,36,16.7,16,13.5,19.6,30.2
2014-01-26,16,30.4,22.1,31,122.2,37.2,17.1,16,14.1,20.3,31.7
2014-01-27,17,30.4,22.6,32.8,119.9,37,17.5,16,14.6,21.1,31.5
2014-01-28,18,29.8,21.8,30.8,113.6,36.5,17.3,16,14.2,21.1,30.3
2014-01-29,19,30.1,21.8,30.9,117.4,36,17.4,16,14.3,21.3,30.3
2014-01-30,20,31.5,21.8,31.3,117.6,36.3,17.4,16,14.2,21.8,31
2014-02-02,21,32.5,22.3,31.6,119.5,36.8,17.3,16,14.4,22.7,30.9
2014-02-03,22,34.4,22.8,33.2,122.5,37.4,17.7,16,14.8,22.9,31.3
2014-02-04,23,33.4,22.6,33.8,122.8,38,17.7,16,14.9,22.4,30.5
2014-02-05,24,33.8,22.2,34.4,120.1,37.8,17.5,16,15,22.8,30.3
2014-02-06,25,33.9,22.1,34.8,118.7,37.5,17.6,16,15.1,22.8,29.7
2014-02-09,26,32.3,21.9,33.6,117.4,36.1,17.2,16,14.5,22.2,28.9
2014-02-10,27,31.9,21.6,33.4,120.1,35.9,17.2,16,14.4,23,29
2014-02-11,28,31.6,21.3,33.3,120.1,35,17,16,14.2,22.5,28.4
2014-02-12,29,31.3,20.9,32.9,121,34.5,16.8,16,14,22.8,28
2014-02-13,30,30.9,20.7,32.9,121,34.1,16.7,16,13.8,23.1,27.6
2014-02-16,31,30.2,20.3,31.9,118.3,33.9,16.6,16,13.5,23.2,27.6
2014-02-17,32,31.2,20.4,32.1,117,34.3,16.5,16,13.6,23,27.9
2014-02-18,33,32.2,20.4,32.3,115.6,34.5,16.7,16,13.8,23.5,28.6
2014-02-19,34,32.8,20.5,33,116.3,35.4,16.9,16,13.9,23.8,29.3
2014-02-20,35,32.5,20.7,33.4,118.8,34.8,16.7,16,13.7,23.6,28.5
2014-02-23,36,31.7,20.4,33,117.2,34.2,16.5,16,13.7,23,27.9
2014-02-24,37,31.8,20.2,32.9,117.3,34.1,16.5,16,13.6,22.7,28.5
2014-02-25,38,30.7,20.4,32.8,116.9,34.2,16.2,16,13.6,22.6,28.8
2014-02-26,39,31.1,20.4,33.3,115.8,34.6,15.9,16,13.6,22.2,28.6
2014-02-27,40,30.2,20,32.4,117.6,34,16,16,13.4,22,27.9
2014-03-02,41,29.1,19.1,32.2,116.5,32.8,15.7,16,13.2,21,28.1
2014-03-03,42,29,19,32.8,112.7,33.3,15.7,16,13.1,22,28.6
2014-03-04,43,29.1,19.1,32.8,107.8,33.4,15.5,16,13.3,23.1,28.6
2014-03-05,44,28.9,19.6,32.7,107.1,33.5,15.8,16,13.3,23.2,28.7
2014-03-06,45,28.4,19.2,31.8,104.9,32.6,15.6,16,13,23,28.1
2014-03-09,46,28.2,18.4,31.3,101.8,33.7,15,16,12.7,22.7,27.6
2014-03-10,47,27.8,18.5,30.8,101.6,33,14.9,16,12.8,21.9,27.5
2014-03-11,48,28.9,18.9,28.1,102,32.7,14.9,16,13,22.5,27.5
2014-03-12,49,27.8,18.9,27.7,103.1,31.6,14.8,16,12.9,21.9,24.8
2014-03-13,50,26.3,19.1,27.7,103.1,30.6,14.8,16,12.9,21.9,23.3
2014-03-16,51,26.4,19.1,26.8,99.6,30.2,14.6,16,12.6,18.8,22.7
2014-03-18,52,27.5,17.6,27,99.4,30.3,14.5,16,12.6,18.5,23.3
2014-03-19,53,27.1,17.3,26.8,99.8,30.5,14.4,16,12.7,18.5,24
2014-03-20,54,26.9,17.9,27.1,99.9,31.3,15.4,16,12.9,19,24.7
2014-03-23,55,26.8,17.9,27.2,97.7,29.8,15.3,16,12.8,18.8,24
2014-03-24,56,26.3,17.6,26.7,97,29,14.7,16,12.7,18.3,23.4
2014-03-25,57,26.3,17.9,26.8,97.6,29.1,14.5,16,12.4,18.2,23.3
2014-03-27,58,25.7,17.3,26.7,99.2,29.2,15.2,15.9,12.6,17.9,23
2014-03-30,59,24.7,18,26.6,98.2,29,15.6,16,12.6,17.7,22.6
2014-03-31,60,24.1,18,26.7,97,29.1,15.5,15.9,12.6,17.8,23.1
2014-04-01,61,23.8,18,26.9,96.9,29,15.5,15.8,12.6,17.7,22.7
2014-04-02,62,24.8,18,27.1,96.5,30,15.7,16.1,12.8,18.3,23.5
2014-04-03,63,25.3,18.1,27,96.6,29.9,15.8,16.3,13,18.1,23.5
2014-04-06,64,25.4,17.9,27,96.4,29.5,15.6,16.9,12.7,18.1,23.1
2014-04-07,65,25.5,17.8,27,93.2,28.8,15.5,16.2,12.6,17.9,23
2014-04-08,66,25,17.7,26.5,94.4,28.1,15.3,15.9,12.2,17.8,22.9
2014-04-09,67,27.4,17.9,27,94.8,28.7,15.7,17,12.5,18.3,23.7
2014-04-10,68,29.6,18,27.1,95.4,29.3,15.9,17.3,12.4,18.1,24
2014-04-13,69,27.7,18,26.7,93.9,29.6,15.6,17,12.3,17.9,23.8
2014-04-15,70,28.6,17.8,26.8,94.5,29.1,15.3,16.9,12.3,18.5,23.6
2014-04-16,71,29.1,17.8,26.7,95.9,29,15.3,16.5,12,18.7,24.3
2014-04-17,72,28.7,17.6,26.6,93.4,29,13.2,16.4,12,19.1,24.3
2014-04-20,73,29.6,17.7,27,93,29.5,13.2,16.7,12.2,20,24.8
2014-04-21,74,30.8,18.2,27.4,95.7,30.9,13.9,16.9,12.7,21.4,26.8
2014-04-22,75,30,18.2,28,94.3,30.9,14,17.1,12.7,21.1,27
2014-04-23,76,30.2,18.5,27.5,93.6,31.1,14,17.3,12.8,21.5,27.6
2014-04-24,77,29.7,18.5,27.6,93.1,31.1,13.9,17.4,13.2,22.1,28.2
2014-04-27,78,28.8,18.9,26.5,92.5,28.3,13.8,17.1,13,22.2,27.4
2014-04-28,79,28.8,19,27.6,92.4,28.7,13.9,17.2,13.1,22.4,27.9
2014-04-29,80,27.9,18.5,26.6,92.1,28.2,13.4,17,12.8,21.8,26.8
2014-04-30,81,27.2,18.4,26.3,90.3,28.5,13.1,16.9,12.7,21.7,26.7
2014-05-04,82,26.6,18.3,26.3,90.2,27.9,12.8,16.3,12.3,21.5,26.1
2014-05-05,83,26.6,18.3,26.3,90.5,28,12.7,16.7,12.5,21.5,26.4
2014-05-06,84,26.8,18.3,26.4,87.4,28.1,12.7,16.9,12.5,21.4,27.6
2014-05-07,85,27.3,18.6,26.3,88.6,27.8,12.8,16.5,11.5,21.3,27.1
2014-05-08,86,27.3,18.4,26.2,89,27.7,12.7,16.9,11.4,20.9,26.7
2014-05-11,87,26.7,18,26,88.2,27.2,12.5,16.6,11.1,19.4,26.2
2014-05-12,88,26.5,18.2,26.5,89,27.4,12.7,16.9,11.1,19.5,26.3
2014-05-14,89,26,18.6,26.6,89,27,12.5,17,11,19.4,26
2014-05-15,90,25.7,18.4,26.7,89,27.2,12.5,17.1,11,19.5,26.1
2014-05-18,91,25.7,18.6,26.8,89.7,26.9,12.5,17.3,10.8,19.7,26.2
2014-05-19,92,25.5,18.5,26.7,86.6,26.4,12.4,17.1,10.9,20,25.9
2014-05-20,93,25.1,18.9,26.7,87.3,26.1,12.4,17,10.7,19.8,26
2014-05-21,94,25.4,19.3,26.8,89.2,26.2,12.4,17.1,10.7,20.3,26.4
2014-05-22,95,26.1,18.9,26.7,88.2,26.4,12.4,17.2,10.7,20.6,26.3
2014-05-25,96,26.2,19,26.8,87.8,26.6,12.4,17.2,10.7,20.4,26.3
2014-05-26,97,25.9,19.2,26.8,88.3,26.2,12.6,17.3,10.7,20.2,26.2
2014-05-27,98,26.1,19.2,27.1,88.7,26.7,12.7,17.5,10.9,21,26.6
2014-05-28,99,25.9,18.9,26.8,87.7,26.3,12.6,17.6,10.9,20.7,26.7
2014-05-29,100,25.6,18.9,26.8,87.9,26.2,12.5,17.6,10.7,20.5,26.5
2014-06-01,101,25.4,18.6,26.5,86.5,26.3,12.6,17.5,10.7,20,26.1
2014-06-02,102,25,18.4,26.5,86.1,25.9,12.4,17.5,10.7,19.7,26.2
2014-06-03,103,24.8,18.3,26.6,86.2,25.3,12.5,17.4,10.6,19.4,26.1
2014-06-04,104,24.2,18,26.6,85.4,23.8,12.5,17.4,10.5,19,25.7
2014-06-05,105,24.3,17.8,26.1,84.6,24.6,12.4,17.3,10.4,18.9,26.1
2014-06-08,106,23.6,17.5,26.2,84.5,23.8,12.2,17.3,10.3,18.4,25.6
2014-06-09,107,24.8,17.5,26.2,85.6,24.6,12,17.1,10.4,19.3,26.2
2014-06-10,108,24,17.9,26.3,87,24.2,12,17.1,10.3,19.4,25.8
2014-06-11,109,23.9,17.6,26.3,88.1,23.7,12,17.1,10.3,19,25.8
2014-06-12,110,23.8,17.4,26.3,86.6,23.5,11.9,17.1,10.2,18.7,25.7
2014-06-15,111,24.3,17,26.2,88.4,23.6,11.7,17.1,10,18.8,25.7
2014-06-16,112,25.9,17.1,26.6,86.5,23.7,11.6,17.3,10,19.4,25.8
2014-06-17,113,26.3,17.3,26.8,87.1,23.5,11.6,17.4,10.1,19.2,25.9
2014-06-18,114,26,17.2,26.9,87.3,23.6,11.7,17.7,10,19.2,26.6
2014-06-19,115,25.3,17.4,27,87.5,23.3,11.6,17.5,10,19,26.7
2014-06-22,116,25.4,17.7,27,87.7,23.2,11.7,17.6,10.2,19.2,26.7
2014-06-23,117,26.3,17.7,28,89,23.9,11.9,17.7,10.5,20,27.5
2014-06-24,118,25.8,17.9,28,87.3,24.2,12.1,17.7,10.8,20.2,27.2
2014-06-25,119,25.4,17.9,28,87.1,24,12.1,17.7,10.7,19.6,26.7
2014-06-26,120,25.2,17.9,28.4,87,23.7,12,17.7,10.5,19.5,26.6
2014-06-29,121,25.9,18.4,28.8,87.9,24.4,12.5,17.8,10.8,19.9,27.3
2014-06-30,122,25.4,18.3,28.8,87.4,24.5,12.2,17.9,10.7,19.5,27.1
2014-07-02,123,25.2,17.9,28.1,87,24.8,12.3,18.1,11,19.7,27.4
2014-07-03,124,24.9,17.7,28.2,86.4,24.6,12.2,18,10.7,19.7,27
2014-07-06,125,24.5,17.6,28.2,86.1,24.1,12.2,17.8,10.6,19.3,26.8
2014-07-07,126,24.4,17.6,28.3,86,24,12,17.9,10.5,19.2,26.4
2014-07-08,127,24.4,17.6,28.3,86.4,23.9,12,17.7,10.5,19.6,26.6
2014-07-09,128,24.3,17.7,28.4,87.6,23.9,11.9,17.5,10.7,19.4,26.5
2014-07-10,129,24.2,17.5,28.3,87.6,23.8,12,17.2,10.7,19.2,26.5
2014-07-13,130,24.2,17.4,28.4,86.8,23.8,11.9,16.6,10.7,19,26.2
2014-07-14,131,24.1,17.6,28.8,86.6,23.9,11.9,16.5,10.7,19.3,26.3
2014-07-15,132,24.1,17.8,28.8,86.6,24.1,11.9,16.8,10.7,19.1,26.4
2014-07-16,133,24.1,17.9,28.7,86.1,23.9,12,16.7,10.7,19.1,26.6
2014-07-17,134,24.3,18,28.7,85.1,23.9,12,16.7,10.7,19,26.3
2014-07-20,135,24.5,18.1,28.9,85.7,24,12.5,16.7,10.8,19.2,27.2
2014-07-21,136,24.4,18,28.4,85,23.9,12.3,17.1,10.5,19,26.6
2014-07-22,137,24.4,18.1,29.3,84.7,24.1,12.3,17.1,10.7,19,26.5
2014-07-23,138,24.3,18.4,28.5,84.5,24,12.5,16.9,10.7,19,26.4
2014-07-24,139,24.3,17.9,28.7,85.6,24,12.6,17.3,10.8,19,26.8
2014-08-03,140,24.4,17.9,28.4,85.7,24.2,12.5,17.2,10.7,18.7,26.3
2014-08-04,141,24.3,17.8,28.9,84.9,24.1,12.4,17.1,10.8,18.8,26.4
2014-08-05,142,24.6,17.9,28.9,85.4,24.2,12.3,17.4,10.9,18.9,26.7
2014-08-06,143,25.1,18,28.8,85.1,24.1,12.3,17.3,10.9,19,26.7
2014-08-07,144,25.2,17.7,28.5,85.2,24.2,12.3,17.2,10.9,18.9,26.4
2014-08-10,145,24.6,17.6,28.4,86.5,24.1,12.2,17,11,18.8,26.4
2014-08-11,146,24.6,17.9,28,86.4,24,12.2,16.6,10.8,19,26.5
2014-08-12,147,24.6,17.6,27.7,86.2,24,12.1,16.4,10.8,18.7,26.5
2014-08-13,148,24.5,17.7,27.6,85.8,23.8,12.1,16.2,10.6,18.7,26.5
2014-08-14,149,24.3,17.6,27.6,85.5,23.8,12,16.2,10.6,18.5,26.1
2014-08-18,150,23.7,17.6,27.6,84.9,23.6,12,16.4,10.4,18.4,25.7
2014-08-19,151,23.6,17.6,27.3,85.6,23.6,11.9,16.3,10.3,18.3,25.3
2014-08-20,152,23.3,17.4,27.5,85.5,23.3,11.9,16.2,10.3,17.7,25.1
2014-08-21,153,23.2,17.3,27.2,85.2,23.2,11.8,16.1,10.2,17.4,24.7
2014-08-24,154,22.8,17,27.5,84.9,23.1,11.8,16.3,10.1,17.4,24.1
2014-08-25,155,23.4,17.1,27.6,84.7,23.5,12.1,16.4,10.3,17.6,25
2014-08-26,156,24.4,17.6,27.6,84.8,23.8,12.2,16.5,10.3,17.9,25.5
2014-08-27,157,23.5,17.7,27.5,85,23.7,12.2,16.7,10.3,18,25.2
2014-08-28,158,23.4,17.5,27.5,85,23.4,12,16.7,10.3,17.7,24.8
2014-08-31,159,23.2,17.8,27.6,84.7,22.7,12.1,16.6,10.2,17.6,24.4
2014-09-01,160,23,17.7,26.6,82.3,22.7,12,16.7,10.2,17.3,24.4
2014-09-02,161,23,17.8,26.4,83.2,22.8,12,16.3,10.2,17.2,24.4
2014-09-03,162,23.5,17.6,26.3,83.5,23.1,12.1,16.3,10.3,17.8,25.4
2014-09-04,163,23.4,17.9,26.3,83.1,23,12,16.4,10.3,17.6,25.4
2014-09-07,164,24.2,17.7,26.7,84.1,23.9,12.2,16.8,10.6,18.5,26.3
2014-09-08,165,24,17.7,26.8,83.4,23.7,12,16.6,10.4,18,26.2
2014-09-09,166,23.4,17.7,27,84,23.4,12,16.4,10.3,17.8,25.8
2014-09-10,167,23.3,17.6,27,84.3,23.1,11.9,16.2,10.3,17.9,26.5
2014-09-11,168,23.6,17.7,27,84,23.3,12,16.2,10.2,18,27
2014-09-14,169,23.2,17.6,26.9,86.4,23.1,12,16,10.2,17.8,26.4
2014-09-15,170,23.4,17.7,26.6,86,23.1,12,15.9,10.2,17.7,26.8
2014-09-16,171,23.7,17.8,26.5,86.3,23.2,12,15.8,10.2,17.5,26.9
2014-09-17,172,23.7,17.7,26.8,86.1,23.5,12,15.9,10.2,18,27.8
2014-09-18,173,24.8,17.9,27.9,87.6,24.4,12.3,16.3,10.3,18.9,28.2
2014-09-21,174,24.7,18.1,28.1,87.5,24.7,12.6,16.8,10.6,18.9,27.6
2014-09-22,175,25.1,18.3,29,90.7,25.3,12.9,17.1,10.8,19,28.2
2014-09-23,176,26.7,18.8,29.8,94,27.7,13.4,17.7,11.5,19.4,28.8
2014-09-24,177,25.8,18.1,28.4,92.1,27.4,13,17.1,11.3,19,28.1
2014-09-25,178,25.3,18,28.5,90.5,26.9,12.9,16.9,11.2,19.1,27.6
2014-09-28,179,25,18.9,27.5,90.8,26,12.8,16.8,11.1,18.7,27
2014-09-29,180,25,20.5,28.2,93.3,26.1,12.6,16.8,11.1,19,26.9
2014-09-30,181,25.3,22.2,29.3,94.1,26.4,12.5,16.9,11.2,19,27.4
2014-10-01,182,26.2,22,29.2,95,26.9,12.7,17.8,11.3,19.2,27.9
2014-10-02,183,26.7,21.9,29.7,97.3,28.4,13.2,18.2,11.7,19.9,29
2014-10-12,184,27.9,23.2,30.5,102.7,29.3,13.9,18.8,12.5,21.4,30
2014-10-13,185,27.2,22.1,30.1,100.1,28.3,14.2,18.6,12.8,20.6,29.8
2014-10-14,186,26.6,21.2,29.1,98,27.7,13.8,18.5,12.3,20.3,29
2014-10-15,187,26.9,21.2,30.5,98.8,28.4,13.9,18.7,12.3,20.6,29.1
2014-10-16,188,26.6,20.9,31.2,98.4,27.8,13.6,18.5,12,20.4,28.5
2014-10-19,189,25.9,20.7,30,96.8,27.1,13,18.7,11.8,20,27.5
2014-10-20,190,25.8,20.6,30,95.5,27,12.6,18.9,11.7,20.1,27.7
2014-10-21,191,26,21.4,29.8,96.9,27.2,13.2,18.9,11.9,20.2,28.2
2014-10-22,192,25.6,20.6,29.7,96.6,26,12.9,18.6,11.5,19.7,27.8
2014-10-23,193,25.5,20.7,29.9,97.3,26,12.9,18.7,11.7,19.4,27.7
2014-10-26,194,25.8,20,29.6,97.1,26.1,12.8,18.9,11.4,19.6,27.9
2014-10-27,195,26.1,20.2,30.1,97.6,26.6,13,19,11.6,20.3,28.2
2014-10-28,196,25.8,20.3,30.1,97.3,26.5,13.1,19.1,11.8,19.9,28.6
2014-10-29,197,25.3,19.9,29.7,96.1,26.2,13.1,19.4,11.7,19.5,28
2014-10-30,198,27.8,20.1,29.7,95.7,27,12.7,20.4,11.8,20.5,29
2014-11-02,199,28.4,19.7,29.5,96.5,26.4,13,20.9,11.9,20.4,28.8
2014-11-03,200,27.5,19.6,29.4,96.3,26.2,13.1,20.9,11.6,19.8,28.3
2014-11-05,201,27.3,19.4,28.9,96.1,26.2,13.1,19.4,11.5,19.4,27.9
2014-11-06,202,27.4,19.4,28.5,95.9,26.2,13,19.5,11.5,19.3,28.1
2014-11-09,203,27.1,19,27.8,92.3,25.6,12.9,19,11.4,19.1,27.5
2014-11-10,204,27,19.1,27.9,92.6,25.7,12.9,18.9,11.3,19.1,27.6
2014-11-11,205,27.5,19.2,27.9,92.8,25.9,13,19.8,11.4,19.3,28.3
2014-11-12,206,27.9,18.7,27.5,93.6,25.5,12.9,19.3,11.2,19.2,27.9
2014-11-13,207,28.1,18.7,27.6,92.6,25.5,12.9,19.3,11.2,19.1,27.6
2014-11-16,208,29,18.6,27.4,92.4,25.5,12.8,19.3,11.2,19.1,27.5
2014-11-17,209,29.1,18.2,27.3,91.8,25.4,12.7,19.1,11.2,19.1,27.6
2014-11-18,210,29.6,18.2,27.4,90.7,25.3,12.6,19,11.1,19.2,27.6
2014-11-19,211,30.2,18.1,27.5,92.5,26.3,12.7,19.4,11.1,19.5,28.1
2014-11-20,212,29.1,18,27.5,91.8,26.4,12.6,19.2,11,19.4,28.3
2014-11-23,213,28.8,18.1,26.8,91.6,26,12.3,19.1,10.9,19.2,27.8
2014-11-24,214,28.8,18,26.5,92,25.4,12.4,19,10.9,19.1,27.9
2014-11-25,215,29.6,18.2,26.7,93.3,26,12.3,19.1,10.9,19.3,28.8
2014-11-26,216,29,18.1,26.8,92.7,25.3,12.2,19.1,10.8,19.1,28.7
2014-11-27,217,29.7,18,27.1,92.1,25.7,12.1,19.1,11,19.3,29.2
2014-11-30,218,30.5,18,27.1,93,25.5,12.1,19.1,10.9,19.3,28.8
2014-12-01,219,31.6,18.3,27.2,93.8,26.2,12.6,19.5,11.1,19.6,29.8
2014-12-02,220,31.5,18.4,27.5,94,26.4,12.5,19.7,11.3,19.6,30
2014-12-03,221,32.6,18.5,27.4,97,27.4,12.7,20.1,11.4,20.1,30.3
2014-12-04,222,31.4,18.4,26.9,95.7,27,12.5,19.9,11.3,19.8,30.1
2014-12-07,223,31.4,18.4,26.4,95,26.8,12.7,19.8,11.3,19.9,29.4
2014-12-08,224,31.1,18.6,26.7,95.1,26.9,12.8,19.7,11.3,19.9,29.8
2014-12-09,225,31.9,18.8,27.4,95.1,27,12.5,19.8,11.4,20.2,30.1
2014-12-10,226,31.3,19,27.1,98.2,27,12.5,19.7,11.3,20.1,30
2014-12-11,227,31.4,18.3,27.1,99.6,27,12.7,19.7,11.4,20.1,29.9
2014-12-14,228,31.1,18.1,27.2,97.6,26.5,12.5,19.6,11.2,19.7,29.5
2014-12-15,229,30.8,17.6,27.3,98.1,26.4,12.6,19.7,11.2,19.6,29.6
2014-12-17,230,30,17,27.4,96.5,25.8,12.4,19.4,11.2,19.2,29.4
2014-12-18,231,30,17.3,27.2,96.1,25.9,12.6,19.6,11.2,19.3,29.5
2014-12-21,232,29.6,17.8,27.3,99.9,26,12.6,19.8,11.1,19.3,29
2014-12-22,233,30.4,17.5,27.4,99.7,26.2,12.4,20,11,19.5,29.3
2014-12-23,234,30.1,17.2,27.1,100.8,25.9,12.3,19.9,11,19.3,29.2
2014-12-24,235,30.1,17,27.2,102.4,25.9,12.2,19.7,11,19.4,29.2
2014-12-28,236,29.7,16.9,27,102.2,25.5,12.1,19.4,10.9,19.3,28.9
2014-12-29,237,29.9,16.8,27.1,106.3,25.8,12.2,19.7,11,19.3,28.9
2014-12-30,238,29.9,16.7,27.2,105.8,26.1,12.3,19.8,11.2,19.4,29.3
2015-01-01,239,30.8,16.9,27.2,106.6,25.9,12.9,20.1,11.2,19.6,29.7
2015-01-05,240,30.6,17.2,27.4,105.2,25.9,12.8,20.1,11,19.4,29.3
2015-01-06,241,31.4,17.5,27.5,104.1,25.9,13.1,20.5,11.2,20.1,29.5
2015-01-07,242,30.9,17.4,27.5,102.3,25.9,13.1,21,11.3,19.9,29.4
2015-01-08,243,30.9,17.6,27.7,102.4,26.1,13.1,20.4,11.2,19.9,29.5
2015-01-11,244,30.7,17.7,27.6,101.2,25.8,13.1,20.8,11.4,19.9,29.4
2015-01-12,245,30.8,17.7,27.3,100.3,25.6,12.9,20.4,11.4,19.8,29.9
2015-01-13,246,30.6,17.8,27.4,100.3,25.6,13,20.8,11.4,19.8,29.9
2015-01-14,247,30.1,17.7,27.7,99.7,25.7,13,20.3,11.4,19.6,29.9
2015-01-15,248,29.9,17.8,27.8,100.5,26.2,12.9,20.1,11.6,19.9,30
2015-01-18,249,30.3,17.7,27.8,99.3,26,12.9,20,11.4,19.9,29.9
2015-01-19,250,30.1,17.7,28,100.9,26,12.9,20,11.2,19.8,29.9
2015-01-20,251,30.2,17.8,28.5,100.3,25.9,13,20.2,11.2,20,30.1
2015-01-21,252,29.5,17.8,28.5,98.3,25.8,12.9,20.1,11.2,19.6,30
2015-01-22,253,29.6,17.8,28.7,98.7,25.8,13,20,11.1,19.7,29.9
2015-01-25,254,29.1,17.6,28.4,95.1,25.6,12.9,19.8,11,19.4,29.4
2015-01-26,255,29.1,17.6,28.6,97.8,25.6,13,20.2,11,19.4,29.9
2015-01-27,256,29.1,17.7,28.5,96.6,25.8,13,20.5,10.9,19.7,29.9
2015-01-28,257,29,17.7,28.2,97.5,25.7,12.9,20.3,10.9,19.6,30
2015-01-29,258,28.8,17.6,28.5,95.9,25.7,12.8,20.3,10.9,19.6,29.9
2015-02-01,259,28.2,17.7,28.4,94.8,25.3,12.9,19.9,10.9,19.5,29.6
2015-02-02,260,28.1,17.9,28.5,97.4,25.2,13,19.9,10.7,19.5,29.6
2015-02-03,261,28.2,18,28.6,97.4,25.3,12.9,19.8,10.9,19.7,30
2015-02-04,262,28.2,18.2,28.7,99.4,25.2,13.2,19.8,10.9,19.8,30
2015-02-05,263,28.2,18.1,28.9,96.3,25.8,13.1,19.7,10.9,20,30.6
2015-02-08,264,28,18,28.9,99.6,25.7,13.2,20,11,20.1,30
2015-02-09,265,27.9,17.7,29,97.1,26.2,13,20,11,20,30.1
2015-02-10,266,28.1,17.8,29,97.6,26,13.1,19.9,11.1,20,30.4
2015-02-11,267,28.8,17.7,28.8,96.6,26.2,13.1,20.1,11,20.1,30.1
2015-02-12,268,28.9,17.9,28.7,97.3,26.3,13.2,20.2,11,20.1,30.2
2015-02-15,269,28.5,17.6,28.8,96.2,25.8,13.2,20,11,20,30.1
2015-02-16,270,28.4,17.9,28.9,96.7,25.6,13.1,20,10.9,20,30.2
2015-02-17,271,29.2,18.1,28.9,98.2,26,13.2,20,11,20.1,30.5
2015-02-18,272,30.5,18.2,29,99.4,26.3,13.2,20.1,11.2,20.3,31.4
2015-02-19,273,30.7,18.2,29.3,99,26.7,13.3,20.3,11.1,20.2,31.3
2015-02-22,274,30.6,18.1,28.7,99.9,26.5,13.3,20.5,11,20.1,31.4
2015-02-23,275,29.9,17.8,28.8,99.1,26.1,13.3,20.1,10.9,20.1,30.8
2015-02-24,276,29.2,17.7,28.8,99.3,26.2,13,20.1,10.9,20.1,30.5
2015-02-25,277,29.8,17.3,27.8,99,25.6,12.8,19.9,10.8,19.8,30.2
2015-02-26,278,30,18,28.5,98.8,25.2,12.8,19.9,10.9,20.1,30.5
2015-03-01,279,28.9,18.3,28.8,97.2,25.3,12.9,18.6,10.9,20.1,30.2
2015-03-02,280,28.6,17.9,28.4,96.3,25.3,12.9,19.1,11,20.1,30.1
2015-03-03,281,28,17.6,28.3,95.4,24.8,13.1,19.1,10.9,20.2,30
2015-03-04,282,27.7,17.7,28.5,91,24.9,12.9,19.3,10.9,19.7,30
2015-03-05,283,26.8,17.5,28.3,89.9,24.6,12.7,19.1,10.9,19.4,22.9
2015-03-08,284,26.1,17.1,28.8,89,24.5,12.8,19.1,10.8,19.2,22.8
2015-03-09,285,25.9,17.2,28.5,87.6,24.1,12.8,15.4,10.9,18.9,22.4
2015-03-10,286,25.7,17.2,28.2,86.8,24,12.9,15.2,10.9,19,22.3
2015-03-11,287,24.7,14.8,28.2,85.6,23.6,12.5,14.9,10.7,18.5,21.8
2015-03-12,288,24.2,14.5,26.1,84.4,23,12.3,14.6,10.6,17.9,20.9
2015-03-15,289,23.6,13.7,25.3,84.4,22.6,12,14.5,10.3,17.9,20.7
2015-03-16,290,23.5,13.9,25.1,77.6,21.5,11.9,13.5,10.3,16.2,20.9
2015-03-18,291,24.3,14.2,25.6,79.4,21.7,12.2,13.6,10.3,16.1,20.8
2015-03-19,292,24.3,13.9,25.8,79.7,22.6,12.2,13.7,10.2,16.3,21.3
2015-03-22,293,23.9,13.8,25.8,79.3,22.8,12.2,13.7,10.3,16.5,21.9
2015-03-23,294,24,13.3,25.5,77.5,22.3,12.3,13.5,10.2,16.6,21.5
2015-03-24,295,23.9,13.3,25.7,77.8,22,12.4,13.4,10.3,16.6,21.4
2015-03-25,296,23.6,13.5,25.7,78.1,21.5,12.2,13.5,10.4,17,21.1
2015-03-29,297,23.9,13.6,25.9,79.4,21.6,12.4,13.7,10.3,16.5,21.2
2015-03-30,298,23.1,13.4,25.9,77.9,21.9,12.5,13.7,10.4,16.2,21.2
2015-03-31,299,23.5,13.3,26,78.4,22,12.3,13.6,10.3,16.2,20.9
2015-04-01,300,23,13.3,25.7,78.9,21.6,12.4,13.9,10.9,16.1,20.4
2015-04-02,301,22.8,13.3,25.1,78.4,21.1,13.1,14.1,10.7,16,20
2015-04-05,302,22.5,13.4,25,78.3,20.7,13.2,14,10.7,16,19.3
2015-04-06,303,22.3,13.4,25.1,77,20,13.1,14,10.5,16.3,18.9
2015-04-07,304,21.9,13.4,25.5,77.1,18.8,12.9,13.9,10.3,16.4,18.3
2015-04-08,305,21.6,13.3,27,75.8,19.7,12.9,13.9,10.4,16.2,18.6
2015-04-09,306,21.1,13.4,26.8,75.3,20,12.9,14,10.5,15.8,19
2015-04-12,307,20.5,13.3,26.8,72.7,19.7,12.9,14.1,10.4,15.5,19.3
2015-04-13,308,19.5,13.2,26.7,75,19.1,12.7,14.1,10.4,15.6,19.8
2015-04-15,309,20.5,13.2,28.2,75.4,19.1,12.7,14.4,10.3,15.7,19.9
2015-04-16,310,22.3,13.4,28,77.2,19.9,10.4,14.6,10.6,16.2,20.6
2015-04-19,311,22.1,13.5,28,76.5,20,10.4,14.2,10.6,16.1,20.2
2015-04-20,312,21.3,13.9,28.5,75.2,19.5,10.2,14.3,10.3,16,20
2015-04-21,313,20.2,13.7,28.5,76.8,19.2,10.2,14.3,9.9,15.6,19.7
2015-04-22,314,20,13.7,28.6,75.2,19,10.1,14.2,9.6,15.7,19.1
2015-04-23,315,20,13.7,28,73.7,18.5,10.2,14.2,9.4,15.8,18.6
2015-04-26,316,17.6,13.7,26.6,70.5,17.6,10.2,13.8,9.3,15.5,18.9
2015-04-27,317,18.5,13.4,26.8,72.8,17.9,10.1,14,9.2,15.8,19.2
2015-04-29,318,18.9,13.6,26.9,70.9,17.8,10.1,14.2,9.1,15.8,19.3
2015-04-30,319,18.5,13.7,26.7,69.9,17.8,9.9,13.9,8.9,15.8,18.9
2015-05-04,320,18,12.8,26.6,69.7,17.5,9.9,13.9,8.7,15.6,18.6
2015-05-05,321,18.1,13.1,26.7,69.4,18.2,9.8,14.1,8.9,15.5,18.7
2015-05-06,322,18.3,13.4,26.2,69.5,19.1,10,14.5,9.3,15.7,18.9
2015-05-07,323,19.2,13.5,26.3,70.9,19.4,10.1,14.6,9.4,15.7,19.1
2015-05-10,324,20.8,14.1,26.3,73.4,20.1,10.4,15.8,9.9,16.3,19.8
2015-05-11,325,22.4,14.9,27.3,77.1,22,11.1,16.8,10.8,17.7,20.8
2015-05-12,326,22.3,14.5,27.9,74.8,22.4,10.7,16.5,11.1,17.1,20.6
2015-05-13,327,21.8,14.1,28.4,74.3,21.2,10.4,16,10.7,17.1,20.2
2015-05-14,328,21.4,13.6,28.9,71.7,21.3,10.3,15.9,10.7,17.1,19.6
2015-05-17,329,21.3,13.2,28.5,71.8,21.5,10,15.6,10.5,16.8,19.3
2015-05-18,330,22.8,13.6,28.9,73.8,22.7,10.5,16.6,10.5,16.9,19.8
2015-05-19,331,22.7,13.7,28.2,74.8,22.8,10.3,16.3,9.9,16.7,20.4
2015-05-20,332,21.9,14.1,28.3,73.6,22.8,10.1,16.1,9.8,16.5,20
2015-05-21,333,22.5,13.9,27.8,75.9,20.4,10.4,16.5,9.9,16.9,20.4
2015-05-24,334,23.1,14,27.2,76.3,21.1,10.4,16.9,9.9,17.1,20.8
2015-05-25,335,24.5,14.6,28.3,78.4,21.5,10.6,16.8,10.1,17.6,21.9
2015-05-26,336,23.7,14.4,28.5,76.5,21.6,10.8,17.3,10.5,17.5,21.6
2015-05-27,337,23.2,14.3,28.4,75.4,21.2,10.4,16.6,10.6,17.2,21.3
2015-05-28,338,22.9,14.1,27.5,76,19.9,10.3,16.4,10.5,16.7,20.6
2015-05-31,339,23,14.1,27.3,76.5,20.3,10.4,16.6,10.3,16.7,20.6
2015-06-01,340,23.8,14.1,27.4,78.7,20.5,10.6,17,10.4,17,21.3
2015-06-02,341,23.6,14.1,27.4,78.1,21.1,10.6,17,10.5,17.2,21.3
2015-06-04,342,23.2,14.2,27.7,76.9,21.5,10.4,17.3,10.3,16.9,21
2015-06-07,343,23.6,14.8,28.4,77.4,21.3,10.4,17.3,10.2,17.4,21
2015-06-08,344,23.6,14.8,28.4,77.3,21.2,10.3,17,10.1,17,20.3
2015-06-09,345,22.8,14.8,27.9,77.2,20.9,10.4,17.1,10.1,16.8,20
2015-06-10,346,22.9,15,28.1,79.2,20.7,10.3,17.3,10,17,20.2
2015-06-11,347,22.6,14.9,27.8,77.4,20,10.3,17.1,9.9,16.6,20.1
2015-06-14,348,22.3,14.7,27,79.4,20,10.1,16.6,9.9,16.5,19.8
2015-06-15,349,22.9,14.8,26.5,80.1,20.1,10,17.1,9.8,16.4,19.8
2015-06-16,350,23.4,14.8,26.2,80.5,20,10.3,17.2,9.9,16.5,19.9
2015-06-17,351,23.1,14.6,26,81.2,20,10.2,17,9.9,16.5,19.9
2015-06-18,352,23,14.8,25.7,80.4,19.8,10,16.9,9.9,16.6,19.8
2015-06-21,353,23.3,15.2,25.9,80.8,19.8,10.1,16.9,9.9,16.5,19.8
2015-06-22,354,23.5,14.4,25.4,80.7,19.8,10.3,17,9.8,16.4,19.6
2015-06-23,355,23.2,14.2,24.9,78.9,19.2,10.2,16.8,9.8,16.5,19.4
2015-06-24,356,22.9,14,24.8,80.2,19.1,10.3,16.8,9.7,16.3,19.2
2015-06-25,357,23,13.9,24.7,81.4,19,10.1,16.6,9.7,16.3,19.2
2015-06-28,358,23.5,14.5,25.4,81.4,19.2,10.3,16.8,9.7,16.6,19.3
2015-06-29,359,23.4,14.8,25,86.1,18.9,10.5,16.7,9.6,16.6,19.4
2015-06-30,360,23.6,15.2,26,89.8,19.3,10.9,16.8,9.6,16.7,19.5
2015-07-02,361,23.5,14.8,25.1,87.9,19,10.4,17.1,9.4,16.9,19.5
2015-07-05,362,22.9,14.6,24.4,85.7,18.5,10.5,16.7,9.3,16.6,19.2
2015-07-06,363,22.8,14.2,24.4,88.8,18.2,10.6,16.6,9.1,16.8,19.1
2015-07-07,364,22.7,14.4,24.5,89,18.1,10.5,16.7,9.1,16.9,19.2
2015-07-08,365,22.9,14.3,24.3,89.1,18.1,10.5,16.7,9,16.9,19.2
2015-07-09,366,22.7,14.3,24.3,87.5,18,10.5,16.6,9,17,19.3
2015-07-12,367,22.8,14.4,24.3,87.9,18.2,10.3,16.7,9,17.1,19.3
2015-07-13,368,22.8,14.4,24.1,89.5,18.1,10.6,16.8,9,17,19.5
2015-07-14,369,23.1,14.5,24.8,92.7,18.3,10.7,17,9.1,17.2,19.9
2015-07-21,370,23.7,14.8,25.9,93.6,18.8,11,17,9.2,17.3,20.4
2015-07-22,371,23.1,14.8,25.7,94.4,18.7,10.7,17.2,9.1,17.2,20.3
2015-07-23,372,22.6,15,26,96.9,18.7,10.8,17.1,9.3,17.4,20.5
2015-07-26,373,22.7,14.9,25.2,96.5,18.6,10.8,17,9.3,17.8,20.3
2015-07-27,374,22.5,14.8,25.3,92.3,18.7,10.8,16.9,9.4,17.6,20.4
2015-07-28,375,22.5,14.7,25.5,91.6,18.8,10.9,16.9,9.3,17.8,20.4
2015-07-29,376,22.4,14.5,25.8,92.4,18.6,10.8,16.7,9.2,17.5,20.5
2015-07-30,377,22.4,14.6,25.4,94,18.6,10.6,16.5,9.3,17.4,20.4
2015-08-02,378,22.2,14.6,25.9,92.5,18.3,10.6,16.5,9.4,17.1,20.3
2015-08-03,379,22.3,14.7,26.3,93,18.5,10.8,16.8,9.3,17.9,20.8
2015-08-04,380,22.2,14.7,26.2,94.8,19.2,10.9,16.9,9.3,17.6,20.9
2015-08-05,381,22.7,15,25.9,93,21.1,10.8,17,9.5,18,21.3
2015-08-06,382,22.6,15.1,25.4,93,21.5,10.8,16.9,9.4,17.9,21.3
2015-08-09,383,22.2,14.9,25.1,91.9,20.5,10.7,16.7,9.3,17.7,21.1
2015-08-10,384,22.2,14.7,25.3,92,20.7,10.6,17,9.3,17.7,20.7
2015-08-11,385,21.9,14.5,25.3,92.6,20.3,10.5,16.6,9.3,17.5,20.7
2015-08-12,386,21.9,14.5,25.5,94.9,20.3,10.4,16.6,9.2,17.5,20.7
2015-08-13,387,21.7,14.5,25.5,96.3,20.4,10.4,16.6,9.2,17.5,20.9
2015-08-16,388,21.5,14.5,25.5,95.5,20.6,10.4,16.4,9.2,17.4,20.9
2015-08-17,389,22.2,14.6,25.5,95.7,22.6,10.4,16.6,9.2,17.5,20.9
2015-08-18,390,22.1,14.8,25.1,95.5,22.9,10.6,16.6,9.4,18,21.5
2015-08-19,391,21.9,14.6,25.3,95,22.5,10.7,16.6,9.3,17.7,21.2
2015-08-20,392,22.5,14.7,25.4,95.5,24.2,10.7,16.8,9.3,17.7,21.6
2015-08-23,393,22.7,15.3,25.6,97.5,23.8,10.7,17.2,9.4,17.8,21.9
2015-08-24,394,22.3,15.4,25,97.2,23,10.6,16.8,9.4,17.9,21.4
2015-08-25,395,22.4,15.5,24.5,98.6,22.9,10.6,16.8,9.3,17.7,21.3
2015-08-26,396,22.2,15.5,25,98.4,23.1,10.6,16.7,9.3,17.6,21.3
2015-08-27,397,22.2,15.4,25.3,98.3,22.9,10.7,16.9,9.3,17.5,21.1
2015-08-30,398,22,15.3,25,98.3,22.6,10.6,17,9.3,17.6,21.2
2015-08-31,399,21.7,15.2,25,97.9,22.3,10.6,16.8,9.3,17.5,21
2015-09-01,400,21.5,15.1,25,98.5,21.9,10.5,16.9,9.2,17.3,21
2015-09-02,401,21.5,15.2,25.3,98.7,22,10.7,16.7,9.2,17.2,21.1
2015-09-03,402,21.4,15.3,25.2,101.3,21.6,10.5,16.6,9.1,17.2,21.1
2015-09-06,403,21.5,15.3,25.8,102.4,21.4,10.5,16.6,9.1,17.3,21
2015-09-07,404,21.5,15.1,25.6,103.8,22.3,10.4,16.6,9,17.3,21.2
2015-09-08,405,21.8,15.3,25.8,104,21.7,10.4,16.9,9.1,17.3,21
2015-09-09,406,21.6,15.1,25.8,101.6,21.6,10.4,16.8,9,17,20.8
2015-09-10,407,21.5,14.9,25.8,104.1,21.6,10.4,16.6,9,16.9,20.8
2015-09-13,408,21.5,14.9,25.9,102.8,21.6,10.4,17,9.1,16.8,20.8
2015-09-14,409,21.4,14.7,25.8,101.9,21.7,10.5,17.4,9,16.8,20.8
2015-09-15,410,21.4,14.6,25.6,103.4,21.7,10.5,17.5,9,16.6,20.8
2015-09-16,411,21.5,14.9,25.8,102.1,21.7,10.6,18.1,9,16.5,20.7
2015-09-17,412,21.5,15,25.5,102.5,21.7,10.5,18.7,9.1,16.8,21.1
2015-09-20,413,21.7,15.1,25.8,103.5,22.8,10.7,18.6,9,17.1,21.6
2015-09-21,414,21.6,15,25.9,102.1,22.5,10.7,18.9,9,17,21.5
2015-09-22,415,21.7,14.8,25.5,102,22.7,10.8,18,9.1,16.9,21.8
2015-09-28,416,21.8,14.9,25.8,102.1,23.1,10.9,17.9,9,16.9,22.2
2015-09-29,417,21.7,15.2,25.8,102.5,23.1,11.1,18.2,9,17,22.2
2015-09-30,418,22,15.6,26.6,103.9,23.3,11.3,18.6,9.1,17.2,22.4
2015-10-01,419,22.1,15.5,26.7,103.7,23.2,11.4,18.4,9,17.2,22.1
2015-10-04,420,22,15.4,26.8,103.9,23,11.3,18.2,9.1,17,22
2015-10-05,421,22.4,15.5,27.3,104,23.2,11.4,18.3,9.1,17.6,22.2
2015-10-06,422,22.5,16,27.5,104.3,23.7,11.4,19.1,9.2,17.5,22.5
2015-10-07,423,22.5,16.1,27.9,104.1,23.6,11.2,18.6,9.1,17.4,22.4
2015-10-08,424,22.5,16.1,28.3,103.7,23.6,11.1,18.5,9,17.6,22.6
2015-10-11,425,22.4,15.8,28,104,23.5,11.5,18.3,9.1,17.5,22.4
2015-10-12,426,23,16.2,28.6,108,23.7,12.1,18.7,9.2,17.7,22.7
2015-10-13,427,23.1,16.5,29.2,107.8,23.8,12,18.8,9.3,17.9,22.8
2015-10-14,428,22.6,16.1,28.6,105.4,23.3,11.7,18.5,9.1,17.6,22.6
2015-10-15,429,22.6,16.2,28,108.1,23.1,11.9,18.4,9,17.5,22.6
2015-10-18,430,22.2,16.1,27.9,105.5,22.6,12,18.4,9,17.3,22.3
2015-10-19,431,22.2,16.1,28,104.3,22.6,12,19,9,17.2,22.1
2015-10-20,432,22,16.3,28,104.4,22.7,11.8,19.4,8.9,17.1,22
2015-10-21,433,21.7,16.1,28.1,105.1,21.7,11.7,19.7,9,17,21.3
2015-10-25,434,21.7,16.3,28.8,103.1,21.3,11.2,19.1,9,16.9,21.3
2015-10-26,435,21.8,16.2,28.7,103.1,21.1,11.3,18.8,9,16.8,21
2015-10-27,436,20.7,16.1,28,102.2,21.1,11.2,19,9.1,16.9,20.8
2015-10-28,437,20.6,16,28,99.8,21.3,11.3,18.9,9.2,17,21
2015-10-29,438,20.9,15.8,28.1,103.4,21.3,11.3,19,9.1,17.1,21.2
2015-11-01,439,20.6,15.9,28.2,103.4,21,11.5,18.8,9,17.1,20.9
2015-11-02,440,20.5,15.6,28,103.3,20.8,11.5,19,9,16.8,20.6
2015-11-03,441,20.4,15.6,28,102.9,21.1,11.4,19.1,9,16.9,20.7
2015-11-04,442,20.3,15.8,27.7,101.9,20.6,11.2,18.7,8.9,16.7,20.5
2015-11-05,443,20.2,15.9,28,101.8,20.2,11.6,18.6,8.8,16.7,20.3
2015-11-08,444,19.8,15.8,27,101.5,19.9,11.1,18.3,8.7,16.7,19.9
2015-11-09,445,19.6,15.9,26.7,101.1,19.9,11.3,18.1,8.7,16.7,19.6
2015-11-10,446,19.6,16,27.1,102.8,20,11.1,18.2,8.7,16.5,19.5
2015-11-11,447,19.6,15.8,27,100.3,19.7,11.1,18.2,8.8,16.2,19.4
2015-11-12,448,19.6,16,29,102.7,20,11.5,18.4,8.7,16.5,19.7
2015-11-15,449,19.7,16.1,28.2,101.2,20.2,11.5,18.1,8.8,16.4,19.9
2015-11-16,450,20,16.1,28.3,102.1,20.3,11.6,18.7,8.8,16.6,20.2
2015-11-17,451,20.2,16,28.2,102.9,20.7,11.6,18.6,9,16.5,20.2
2015-11-18,452,20,16.1,27.8,103.3,20.7,11.7,18.7,8.9,16.5,20.1
2015-11-19,453,20,16,27.9,103.3,20.9,11.6,19.1,9,16.6,20.2
2015-11-22,454,20.4,16.1,27.9,103.6,21.3,11.9,19.3,9.1,17,21.1
2015-11-23,455,20.4,16.1,28.1,103,21.1,11.8,19.3,9,16.8,21
2015-11-24,456,20.6,16.3,27.9,103.7,21.3,12.2,19.3,9.2,17.1,21.1
2015-11-25,457,20.5,16.6,27.9,103,21.2,11.9,19.5,9.2,17.4,21.2
2015-11-26,458,20.8,16.6,27.9,101.3,21.4,11.9,19.3,9.2,17.4,21.2
2015-11-29,459,20.9,16.5,28,102.8,21.8,12,19.3,9.1,17.6,21.2
2015-11-30,460,20.5,17.2,28.4,103.9,21.9,11.9,19.1,9.1,17.6,21.3
2015-12-01,461,21,17.2,28,103.1,21.7,12,19.3,9.1,17.5,21.4
2015-12-02,462,20.9,16.8,27.7,102.2,21.3,11.8,19.2,9,17.3,21.3
2015-12-03,463,20.7,16.6,27.8,103.6,21.3,12,19.1,8.9,17.3,21.1
2015-12-06,464,20.8,16.4,27.7,102.1,21.1,11.9,19,8.9,17.3,20.9
2015-12-07,465,20.3,16.6,27.5,102,20.7,11.8,18.6,8.9,17.3,20.8
2015-12-08,466,20.1,16.5,27.4,101.5,20.6,11.8,18.6,8.9,17.3,20.9
2015-12-09,467,20.1,16.5,27.6,100,20.5,11.7,18.7,8.9,17.4,21.2
2015-12-10,468,20.3,16.7,28,102.8,20.6,11.6,18.5,8.9,17.4,20.9
2015-12-13,469,20.1,16.7,27.9,102.9,20.6,11.5,18.6,8.9,17.2,20.8
2015-12-14,470,20.1,16.9,28,101.9,20.7,11.5,18.6,8.8,17.3,20.7
2015-12-15,471,20.2,15.9,27.9,100.6,20.7,11.5,18.5,8.8,17.2,20.6
2015-12-17,472,20.3,16.1,28,101.9,20.7,11.6,18.5,8.8,17.3,20.6
2015-12-20,473,20.2,16.2,28.2,102.1,20.6,11.5,18.6,9,17.1,20.5
2015-12-21,474,20.8,16.3,28.4,102.8,20.8,11.7,19.1,9,17.6,21
2015-12-22,475,21,16.1,28.4,102.9,21,11.9,18.9,9.2,17.3,21.1
2015-12-23,476,21,16.3,28.6,103.1,21,12.1,18.7,9.1,17.3,21.7
2015-12-24,477,21,16.4,28.7,104.7,21.2,11.9,18.9,9.1,17.2,21.3
2015-12-27,478,21,16.3,28.5,105.1,21,11.8,19.3,9,17.4,21.2
2015-12-28,479,21,16.2,28.4,104.9,20.8,12,19.2,9,17.4,21.1
2015-12-29,480,21.1,16.4,28.1,106.2,20.8,12,19.2,9,17.4,21.3
2015-12-30,481,21.2,16.2,28.4,106.1,21.2,12.1,19.2,9.1,17.5,21.1
2015-12-31,482,20.9,16.5,28.6,107.6,21.2,12,19.5,9.1,17.6,21.3
2016-01-03,483,21,16.1,27.8,105.8,20.9,11.9,19.1,9.1,17.5,21.1
2016-01-04,484,21,16.1,28.8,104.7,20.6,11.8,19,9.1,17.5,20.9
2016-01-05,485,20.7,16.5,28.7,104.8,20.7,12,19.1,9.1,17.5,20.8
2016-01-06,486,20.8,16.5,28.8,104.4,20.9,11.8,19,9.1,17.5,20.9
2016-01-07,487,20.8,16.5,29,104.7,20.7,11.7,19,9,17.5,21
2016-01-10,488,20.8,16.3,29,104.5,20.8,11.8,18.9,9.1,17.6,21.1
2016-01-11,489,21,16.4,29.6,103.5,21.2,11.9,19.1,9.1,17.5,21.3
2016-01-12,490,20.9,16.4,29.5,103.1,21.1,11.8,19.1,9,17.3,20.9
2016-01-13,491,21,16.4,29.3,102.5,21.1,11.8,19,9.1,17.6,21
2016-01-14,492,21.5,16.7,29.1,101.3,21.4,11.8,19,9.3,17.6,21.3
2016-01-17,493,21.2,16.7,29,101.8,21.1,12.2,18.8,9.3,17.4,21.1
2016-01-18,494,21.1,17.3,29,102,20.9,12.1,18.8,9.2,17.5,21.1
2016-01-19,495,20.8,17.2,29,101.3,20.7,12.1,18.5,9.1,17.4,20.8
2016-01-20,496,20.6,16.8,29,101.8,20.7,12.1,18.5,9,17,20.7
2016-01-21,497,20.8,16.4,28.9,100,20.7,12.3,18.5,9.1,17.3,20.9
2016-01-24,498,20.7,16.4,29.3,101.4,21.1,12.2,18.4,9.1,17.2,20.7
2016-01-25,499,20.6,16,28.8,100.1,20.7,12.3,18.4,9.1,17.2,20.6
2016-01-26,500,20.6,15.9,28.8,104,20.9,12.3,18.5,9.1,17.2,20.3
2016-01-27,501,20.7,16.3,29,104.3,20.7,12.3,18.5,9.1,17.3,20.4
2016-01-28,502,20.6,16.2,29,103.4,20.5,12.3,18.4,9,17.3,20.2
2016-01-31,503,20.5,16.1,28.9,103.1,20.4,12.1,18.3,8.9,17.2,20.1
2016-02-01,504,20.3,16.2,29,101.7,20.4,12.1,18.3,9,17,19.9
2016-02-02,505,20.4,16.5,28.9,101.2,20.5,12.1,18.5,9,17.1,20
2016-02-03,506,20.4,16.5,29,101.6,20.4,12,18.5,9,17,20.2
2016-02-04,507,20,16.6,29.2,102,20.9,12,18.8,9,17.2,20.3
2016-02-07,508,20,16.6,29.8,101.3,20.4,11.8,18.7,9,17.5,20.3
2016-02-08,509,20,16.8,30.2,102.2,20.5,11.9,18.6,9,17.3,19.9
2016-02-09,510,19.9,16.8,29.9,101.3,20.6,11.9,18.7,9,17.1,20.1
2016-02-10,511,19.9,17.2,30.6,102.5,20.9,11.8,18.6,9,17.2,20
2016-02-11,512,19.8,17,30.3,102.6,20.5,12.1,18.4,9,17.2,19.9
2016-02-14,513,19.8,17,29.5,102.1,20.5,12,17.8,8.9,17.2,19.9
2016-02-15,514,19.6,17.2,29.9,102.2,20.7,12.2,17.7,8.9,17.2,19.6
2016-02-16,515,19.5,17.3,30,101.3,20.5,12,17.5,8.9,17.1,19.3
2016-02-17,516,19.7,17.2,28.7,101.9,20.5,12,17.4,8.8,17,19.2
2016-02-18,517,19.5,17,28.5,101.8,20.2,12,17.1,8.8,17.2,19.7
2016-02-22,518,19,16.7,28.7,100.6,19.9,12,16.5,8.8,17,19.4
2016-02-23,519,19.4,17,30,102.5,20.1,12.1,17.2,8.9,17.1,20.3
2016-02-24,520,19.7,17.3,30.1,105.6,20.4,12.4,17.3,9,17.5,21.3
2016-02-25,521,19.5,16.8,29.9,103.1,20.1,12.3,17.1,9,17.4,21.2
2016-02-28,522,19.5,16.4,29.8,97.8,19.8,12,17.1,9,17.5,20.8
2016-02-29,523,19.4,16.5,30,98.3,19.4,12.3,16.8,8.9,17.5,20.2
2016-03-01,524,19.3,16.3,29.3,97.1,18.9,11.9,16.4,8.9,17.4,20.3
2016-03-02,525,19.2,16.4,29.8,94.7,19,11.9,16.4,9,17.3,20.4
2016-03-03,526,19.1,16.4,30.1,96.6,19,11.9,16.2,9,17.3,20.4
2016-03-06,527,18.9,16.2,28.9,95.5,18.3,12,16.2,9,17,20.5
2016-03-07,528,18.9,16.5,28.5,98,18.5,12,16.3,8.9,17,20.5
2016-03-08,529,18.7,16.5,26.7,97.7,18.3,12.1,16.3,9,16.9,20.7
2016-03-09,530,18.7,16.3,25.1,97.7,18.2,12,16.3,9,16.9,21
2016-03-10,531,18.8,17.2,26.5,97.3,18.4,12,16.6,9,16.7,21
2016-03-13,532,18.6,17.3,26.4,97.4,18.3,11.9,17.1,9,16.7,20.6
2016-03-14,533,18.5,17.3,26.4,96.9,18.2,12,16.8,8.9,16.6,20.5
2016-03-15,534,18.5,17.3,26.4,96.9,18.4,12,17,9,16.6,20.5
2016-03-16,535,18.5,17.2,27.8,92.8,18.2,11.9,17.4,9.1,16.6,17.6
2016-03-20,536,18.6,17.5,28.9,95.1,18.6,11.8,17.5,9.2,16.5,17.3
2016-03-21,537,18.4,17.4,29.8,96.4,18.6,12.1,17.6,9.3,16.7,17.1
2016-03-22,538,18.3,17.4,30.5,97,18.8,12,17.4,9.2,16.6,17
2016-03-23,539,18.4,17.4,29.9,96.9,18.9,12,17.4,9.2,16.8,17.2
2016-03-24,540,18.3,17.4,29.5,97.4,18.4,12,17.5,9.1,16.8,17
2016-03-27,541,18.2,17.3,30.1,96.2,18.4,12.1,17.5,9.1,15.2,17.5
2016-03-28,542,17.9,16.9,30,95.3,18.2,11.9,17.5,9,14.7,17
2016-03-29,543,17.8,16.9,30.7,95.4,18.3,11.8,17.7,9.1,14.7,17.3
2016-03-30,544,17.4,16.9,30.6,95.7,18.4,11.9,17.7,9.2,14.6,17.2
2016-03-31,545,17.4,16.9,29.9,94.8,18.2,12,17.7,9.6,14.7,17.3
2016-04-03,546,17.6,14.7,30.4,94.8,18.3,12,17.7,9.9,14.8,17.3
2016-04-04,547,18.3,15.1,31.5,95.9,18.5,12.2,18.1,10.2,14.8,17.5
2016-04-05,548,18.1,15,31.7,96,18.4,12.3,18.1,10.2,14.8,17.4
2016-04-06,549,18.2,15,31.4,96.8,18.4,12.5,15.3,10.1,14.9,17.4
2016-04-07,550,18.2,15,31.8,97.6,18.8,12.4,15.3,10.2,14.9,17.3
2016-04-10,551,18.3,14.9,32.2,99.9,18.7,12.2,15.4,10.1,14.9,17.2
2016-04-11,552,18.1,14.7,32,101.4,18.3,12,15.2,10,14.8,17.2
2016-04-12,553,18.2,14.9,32.2,104.5,18.3,12.2,15.2,10,14.7,17
2016-04-13,554,18.1,14.8,32.2,106.3,18.5,12.3,15.2,9.9,14.6,17.1
2016-04-17,555,18,14.7,32.1,104.5,18.1,13,15.1,9.9,14.5,17
2016-04-18,556,17.6,15,32.1,108.8,18.2,13,15.3,10,14.2,16.9
2016-04-19,557,17.3,15,32,108,18.2,12.8,15,9.8,14.2,16.7
2016-04-20,558,17.2,15.1,32.2,105.2,18.2,13,15,9.8,14.5,16.6
2016-04-21,559,16.9,14.9,32.4,102.8,18.2,12.9,15,9.8,14.1,16.3
2016-04-24,560,16.6,14.5,32.8,103.9,18.2,12.9,15.2,9.8,13.9,16.4
2016-04-25,561,16.7,14.3,32.8,104.5,18,12.9,15.2,9.8,14,16.1
2016-04-26,562,16.2,14.1,26.4,104,18.1,12.9,15,8.9,14,16
2016-04-27,563,14.9,14,26.1,103.6,16.9,12.7,14.9,8.6,13.8,15.9
2016-04-28,564,15.3,14,25.4,103.7,16.7,12.7,15,8.7,13.7,15.9
2016-05-02,565,15.5,13.6,25.3,103.1,17.1,12.8,15,8.5,13.7,15.5
2016-05-03,566,16,13.9,25.4,105.7,17.4,13.1,15.5,8.7,13.9,16
2016-05-04,567,15.5,14,25.8,104.3,17.4,13.5,15.7,8.5,13.9,15.9
2016-05-05,568,15.9,14.2,26.1,102.7,17.9,13.7,15.4,8.5,14.3,16.1
2016-05-08,569,16,14.1,26.2,102.6,18.1,13.7,15.5,8.5,14.2,16.1
2016-05-09,570,16,13.9,26.2,104.8,17.9,12.4,15.3,8.5,14.1,16.5
2016-05-10,571,16,13.6,25.9,103.1,17.6,11.6,15.5,8.5,14,16.5
2016-05-11,572,16,13.9,25.9,104.1,17.3,11.5,15.3,8.5,14.1,16.5
2016-05-12,573,16.3,13.5,25.9,103.9,17.5,11.2,15.2,8.3,14.1,16.4
2016-05-15,574,16.5,13.9,26.4,102.4,17.3,11.4,15.7,8.3,14,16.9
2016-05-16,575,17,14,26.2,102,17.6,12,15.9,8.3,14,16.9
2016-05-17,576,17.5,14,26.1,101.6,17.9,12.1,16.1,8.5,14.3,17
2016-05-18,577,17.6,14.4,26.6,102.7,17.8,12.5,16.3,8.6,14.5,17.3
2016-05-19,578,17.7,14.7,26.6,102.7,17.7,12.6,16.4,8.6,14.6,17.3
2016-05-22,579,18.9,14.3,26.6,103,17.9,12.7,16.6,8.5,14.8,17.6
2016-05-24,580,19,14.5,26.8,102.7,18.2,12.9,16.7,8.5,14.9,17.6
2016-05-25,581,18.3,14.5,26.6,102.5,17.8,12.3,16.4,8.6,14.8,17.4
2016-05-26,582,18.1,14.7,26.5,102.5,17.8,12.1,16.3,8.6,14.9,17.5
2016-05-29,583,17.9,14.6,26.5,102.6,17.7,12.1,16.2,8.6,14.9,17.5
2016-05-30,584,17.9,14.6,26.8,102.5,17.8,12.1,16.4,8.5,15,17.4
2016-05-31,585,17.9,14.3,26.7,102.5,17.6,12,16.2,8.5,14.9,17.3
2016-06-01,586,16.4,14.6,26.4,102.6,17.5,12,16,8.4,15.1,17.2
2016-06-02,587,16.2,14.7,26.3,103.4,17.7,11.8,16.3,8.5,15.3,17.1
2016-06-05,588,16.3,15.2,26.3,105.2,17.4,11.6,16.2,8.4,15.2,17
2016-06-06,589,16.1,15.4,26.5,105.2,17.7,11.5,16,8.6,15.2,16.9
2016-06-07,590,15.8,15.8,27,107,17.5,11.6,16.3,8.7,15.6,17
2016-06-08,591,15.9,16,27,105.5,17.4,11.6,16.3,8.6,15.5,17
2016-06-09,592,15.9,16,27.1,105.1,17.6,11.5,16.3,8.5,15.7,17.1
2016-06-12,593,15.8,15.9,27,105.9,17.6,11.4,16.4,8.5,15.5,17.2
2016-06-13,594,15.7,16,26.8,105.7,15.8,11.4,16.3,8.5,15.3,17
2016-06-14,595,15.5,15.9,26.7,103.6,15.5,11.4,16.3,8.5,15.4,17
2016-06-15,596,15.8,16,26.7,103.5,15.5,11.5,16.4,8.4,15.3,16.9
2016-06-16,597,15.7,16,26.5,104.3,15.5,11.5,16.4,8.4,15.4,16.9
2016-06-19,598,15.3,15.9,26.6,104.1,15.4,11.5,16.3,8.3,15.3,16.8
2016-06-20,599,15.3,16.1,26.5,104.2,15.4,11.5,16.3,8.3,15.2,16.7
2016-06-21,600,15.3,16,26.6,103.2,15.5,11.4,16.3,8.5,15.2,16.6
2016-06-22,601,15.2,16,26.7,102.8,15.6,11.3,16.4,8.4,15.5,16.5
2016-06-23,602,15.4,16.2,27,103.2,15.6,11.4,16.5,8.4,15.5,16.4
2016-06-26,603,15.6,15.9,26.9,101.9,15.5,11.4,16.6,8.4,15.5,16.4
2016-06-27,604,15.4,15.9,27.5,103.7,15.7,11.5,16.7,8.6,15.7,16.8
2016-06-28,605,15.6,16,28.1,105.9,15.8,11.6,16.8,8.7,15.9,16.9
2016-06-29,606,15.7,16.2,28.4,106.7,16.1,11.8,16.9,8.7,15.8,16.6
2016-06-30,607,15.7,16,29.2,104.9,15.9,11.9,17.2,8.7,15.9,16.8
2016-07-10,608,15.9,16.1,29.2,104.4,15.8,11.8,17.3,8.6,16.2,16.9
2016-07-11,609,16.2,16.2,29,106.2,16.2,11.8,17.6,8.6,16.2,16.9
2016-07-12,610,16.4,16.6,29,106.3,16.5,12,17.8,9,16.2,17
2016-07-13,611,16.1,16.5,28.5,104.8,16.3,12.1,17.8,9,16.2,16.8
2016-07-14,612,16,16.4,28.3,105.4,16.1,12,17.9,9,16.2,16.8
2016-07-16,613,16,16.9,28.1,106.6,16.2,12,18,9.1,16.2,17
2016-07-17,614,15.9,17,28.3,106.1,16.3,12.1,18.1,9.1,16.2,16.9
2016-07-18,615,16.4,16.8,28.4,106.3,16.8,12.4,18.3,9.3,16.4,17.2
2016-07-19,616,16.4,16.9,28.2,105.8,16.5,12.2,18,9.3,16.3,17
2016-07-20,617,16.2,16.3,28.2,107.3,16.4,12.3,18,9.3,16.3,16.9
2016-07-21,618,16,16.3,28.7,107.7,16.4,12.2,18,9.3,16.2,16.8
2016-07-24,619,16.1,16.2,28.4,110,16.4,12.1,18.2,9.3,16.2,16.7
2016-07-25,620,16,16.4,27.8,106.9,16.3,12.2,18,9.1,16.4,16.7
2016-07-26,621,15.9,16.3,28,108.5,16.3,12,17.9,9.1,16.1,16.7
2016-07-27,622,15.8,15.9,28,107.3,16.2,12.2,17.9,9,16,16.9
2016-07-28,623,15.8,15.7,29.1,106.3,16.4,12.1,17.6,8.9,16,16.9
2016-07-31,624,15.8,15.7,28.3,106.9,16.5,12,17.5,8.9,16.1,16.7
2016-08-01,625,15.8,15.7,28.1,106.4,16.5,12.1,17.9,8.9,16,16.7
2016-08-02,626,15.8,15.8,28.1,107,16.3,12.2,17.6,8.9,16,16.8
2016-08-03,627,15.8,15.8,28,106.4,16.3,12.2,17.6,9,16.1,16.8
2016-08-04,628,15.7,15.9,28.1,108.8,16.3,12,17.8,9.1,16.1,16.8
2016-08-07,629,15.4,16.1,28.1,111.9,16.3,12,17.8,9.1,16.3,16.7
2016-08-08,630,15.3,15.9,28.1,110.8,16.3,12.1,17.8,9.1,16.1,16.7
2016-08-09,631,15.3,16,28.3,110.5,16.2,12,17.8,9.1,16.2,16.7
2016-08-10,632,15.3,16,28.1,110.7,16.2,12,17.9,9.1,16.1,16.7
2016-08-11,633,15.5,16.1,28.2,110.1,16.1,12,18,9.1,16.1,16.8
2016-08-14,634,15.4,16.6,28.6,108.4,15.9,12,18,9.1,16.1,16.8
2016-08-16,635,15.9,16.6,28.9,108.9,16.2,12.3,18.2,9.2,16.2,16.9
2016-08-17,636,16.1,16.7,29.1,108.9,16.3,12.5,18.5,9.4,16.5,17.1
2016-08-18,637,15.6,16.6,28.8,107.4,16.4,12.4,18.3,9.3,16.3,17.1
2016-08-21,638,15.6,16.6,29.3,107.1,16.1,12.3,18.1,9.2,16.1,17
2016-08-22,639,15.6,16.5,29.6,107.3,16.3,12.5,17.9,9.2,16.1,17
2016-08-23,640,15.6,16.5,29.3,106,15.9,12.3,18,9.3,16.1,16.9
2016-08-24,641,15.7,16.6,29.4,107,16,12.1,18.1,9.1,16.1,17
2016-08-28,642,15.6,16.5,29.2,106,15.9,12.4,18,9.1,16,17
2016-08-29,643,15.5,16.5,29.2,105.1,16,12.2,18,9.1,15.8,16.9
2016-08-30,644,15.7,16.5,28.9,105,17,12.3,18,9.1,15.7,17.1
2016-08-31,645,15.7,16.7,28.7,105.5,16.7,12.4,18.1,9.2,15.9,17.1
2016-09-01,646,15.7,16.7,28.9,105.7,17.3,12.4,18,9.2,15.9,17.1
2016-09-04,647,16,17,28.9,106.5,18,12.6,18.1,9.2,16.1,17.6
2016-09-05,648,16.4,17.1,28.8,105.7,18.1,12.4,18.3,9.3,16.2,17.5
2016-09-06,649,16.3,17.1,28.7,106,18.3,12.3,18.1,9.2,16.2,17.3
2016-09-07,650,16.6,17.9,29.2,106.3,19.3,12.5,18.4,9.3,16.2,17.6
2016-09-08,651,17.1,19.1,28.9,107.2,19.7,12.6,18.6,9.4,16,17.8
2016-09-18,652,17.4,19.6,29.1,106.1,19.4,12.9,19.1,9.5,16.4,18.2
2016-09-19,653,17.1,19.4,29,106.4,19.1,13.2,19.4,9.5,16.5,18.2
2016-09-20,654,17,19.3,29.1,106.2,18.8,13.1,19.5,9.5,16.3,18.1
2016-09-21,655,17.2,19.4,29.1,107,18.8,13.2,20,9.5,16.4,18.2
2016-09-22,656,17.2,19.5,29,108.5,19.2,13.4,20.2,9.4,16.4,18.1
2016-09-24,657,17.5,19.3,29.5,108.9,19.3,13.9,20.5,9.6,16.4,18.3
2016-09-25,658,17.2,19,29.5,108.3,19.1,13.7,20.4,9.7,16.5,18.4
2016-09-26,659,17.2,19,29.4,108.1,19,13.7,20.4,9.7,16.6,18.6
2016-09-27,660,17,18.4,29.3,108.3,18.8,13.9,20.5,9.6,16.7,18.6
2016-09-28,661,17,19,29.4,108.5,18.8,13.9,20.2,9.7,16.6,18.6
2016-09-29,662,17.1,18.7,29.4,108.9,18.8,13.8,20,9.7,16.5,18.3
2016-10-02,663,17,18.5,29.2,108.1,18.6,13.8,19.7,9.8,16.5,18.3
2016-10-03,664,16.9,18.3,29.2,106.1,18.9,13.8,19.4,9.9,16.5,18.2
2016-10-04,665,17.1,18.5,29.2,106.8,18.9,14,20.2,10,16.6,18.3
2016-10-05,666,17.1,18.5,29.3,107,18.8,13.9,20.3,10,16.7,18.4
2016-10-06,667,17.2,18.7,29.2,106.9,19.2,14.3,20.1,10,16.8,18.5
2016-10-09,668,17.3,18.9,29.4,107.2,19.4,14.7,20.5,10.4,16.8,18.5
2016-10-10,669,17.2,19,29.3,108.3,19.1,14.8,20.3,10.6,16.7,18.6
2016-10-13,670,17.2,18.8,29.4,108.3,18.9,14.9,20.6,10.6,16.8,18.5
2016-10-16,671,17.5,18.8,29.4,107.2,19.2,15.7,21.4,11,16.8,18.6
2016-10-17,672,17.3,18.8,29.3,107.8,19.1,15.3,21.5,10.8,16.9,18.6
2016-10-18,673,17.7,18.8,29.4,107.5,19.3,15.2,22.1,11,17.1,19
2016-10-19,674,18,18.9,29.4,108.7,19.2,15.3,22.5,11,17.2,19
2016-10-20,675,18.2,19.3,29.1,108.6,19,15,22.6,11,17.2,19.3
2016-10-23,676,17.9,19.3,29.2,108.7,18.8,14.9,22,10.9,17.1,18.8
2016-10-24,677,17.8,19,29.2,108.8,18.6,14.7,22.1,10.9,17.1,18.7
2016-10-25,678,17.4,18.8,29.2,108.3,18.4,14.7,21.8,10.7,16.9,18.8
2016-10-26,679,17.3,18.9,29.1,109.1,18.3,14.6,21.5,10.3,16.9,18.8
2016-10-27,680,17.1,18.9,29,108.5,18,14.2,21.7,10.3,16.7,18.8
2016-10-30,681,17.1,18.8,29,109.7,17.9,14.1,21.4,10.2,17,18.7
2016-10-31,682,17.1,18.4,28.9,106.2,18,14,21.3,10.1,17.1,18.4
2016-11-01,683,17,18,29.1,106.9,18,14.2,21.6,10.1,17,18.4
2016-11-02,684,17.2,18.1,29,108,18.5,14.6,21.8,10.4,17.2,18.7
2016-11-03,685,17.4,18.5,29.4,106.6,18.5,14.7,21.9,10.5,17.2,18.8
2016-11-06,686,17.3,18.5,29.2,108.7,18.3,14.7,21.9,10.3,17.1,18.6
2016-11-07,687,17.2,18.1,29.3,108.4,18.3,14.6,21.7,10.6,17.1,18.5
2016-11-08,688,17.1,18.2,29.3,107.7,18.2,14.7,21.8,10.8,17.1,18.4
2016-11-09,689,17,17.5,29,108,18,14.2,21.7,10.6,17.1,18.3
2016-11-10,690,17,17.9,29,106.7,17.9,14.3,21.6,10.4,16.9,18.4
2016-11-13,691,17.1,17.7,28.9,106.8,17.8,14.3,21.5,10.4,17.1,18.3
2016-11-14,692,17.2,17.2,29.1,106.7,17.8,14.4,21.6,10.3,17.2,18.4
2016-11-15,693,17.3,17.5,29.2,107.3,18.1,14.6,21.9,10.4,17,18.5
2016-11-16,694,17.7,17.4,29,106.5,18.2,14.4,21.8,10.5,17,19
2016-11-17,695,19.4,17.7,29.1,108,19.1,14.6,21.9,10.7,17.5,19.3
2016-11-20,696,21.2,18.3,28.7,107.7,19.4,14.7,22.2,10.7,17.4,19.5
2016-11-21,697,21,17.9,29.1,106.3,19.1,14.6,22,10.6,17.4,19.1
2016-11-22,698,22.6,18.2,29.3,106.3,20.1,14.9,22.3,10.8,17.8,19.7
2016-11-23,699,23.6,18.3,29.3,106.7,20.2,15.1,22.5,10.8,17.7,19.9
2016-11-24,700,22.8,18.3,29.6,107.8,20.4,15.5,22.5,11.1,17.9,20
2016-11-27,701,21.8,18.2,29.3,108.8,20.9,15.7,22.5,11.3,17.9,19.8
2016-11-28,702,21.8,18.3,28.9,109,20.8,15.6,22.4,11.1,17.7,20.2
2016-11-29,703,21.8,18.3,28.9,108.2,20.2,15.4,22.4,11.1,17.6,19.9
2016-11-30,704,21.6,18.1,29,109,20.1,15.1,22.5,11.1,17.6,19.7
2016-12-01,705,21.5,18.3,29,110,19.9,14.9,22.4,10.9,17.6,19.7
2016-12-04,706,21.5,18.3,29,109.8,20,14.8,22.1,11,17.5,19.7
2016-12-05,707,20.8,18,28.9,109.6,19.8,14.5,22,11,17.5,19.7
2016-12-06,708,21.5,18,29,108.6,19.8,14.7,22.3,11.2,17.6,20
2016-12-07,709,21.9,18,29,109,20,15,22.1,11.1,17.7,20
2016-12-08,710,21.6,18,28.9,108.3,19.9,15.1,22.2,11.3,17.7,19.9
2016-12-11,711,21.3,18,28.9,109.2,19.6,14.9,22.3,11.2,17.5,19.7
2016-12-12,712,21.1,18,28.9,109.4,19.7,15,22.4,11.1,17.5,19.7
2016-12-14,713,20.8,18,28.9,109,20,15.2,23.1,11,17.4,19.9
2016-12-15,714,22,18.1,28.9,109.7,20.5,15.4,23.9,11.2,17.4,20.3
2016-12-18,715,22.5,18.1,28.7,108.5,20.6,15.3,24,11,17.5,20.2
2016-12-19,716,22.9,18,28.1,108.7,20.8,15.4,23.4,11.2,17.7,20.2
2016-12-20,717,22.4,17.9,28.2,108,20.8,15.5,23.5,11.4,17.6,20.2
2016-12-21,718,22.1,17.9,28.6,108.2,20.7,15.5,23.3,11.3,17.6,20.3
2016-12-22,719,22.1,18,28.7,109,20.8,15.6,23.5,11.3,17.5,20.4
2016-12-26,720,22.5,18,29,109.9,21.2,15.4,23.4,11.8,17.8,20.7
2016-12-27,721,22.8,18.4,29.2,109.9,21.4,15.7,23.4,12.7,18.2,21.2
2016-12-28,722,22.5,18.1,29,116.9,21.2,15.6,23.2,12.5,18.3,21.1
2016-12-29,723,22.3,17.9,29,116.7,20.9,15.6,23.1,12.6,18.7,21.3
2017-01-01,724,22.2,18.1,29.1,117.3,20.8,15.9,23.1,13.1,18.5,21.3
2017-01-02,725,21.9,18,29.3,117.2,20.6,16,22.8,13.3,18.4,21.1
2017-01-03,726,21.6,17.9,29.4,116.1,20.6,16,23.2,13.9,18.5,20.8
2017-01-04,727,21.7,17.9,29.3,116.2,21,16,23.1,13.5,18.5,20.9
2017-01-05,728,22.2,17.7,29.6,114.2,21,16,23.1,14.1,18.5,21
2017-01-08,729,21.7,17.9,30,116.8,20.7,15.6,23.3,14.2,18.2,20.9
2017-01-09,730,21.7,18,30,116.8,20.7,15.8,23.4,14,18.5,20.9
2017-01-10,731,22.2,18,30.2,116.4,21.6,16,23.6,13.8,18.5,21.1
2017-01-11,732,22.7,18.5,30.5,117.8,23.7,16.2,23.9,14.2,18.9,22.1
2017-01-12,733,22.3,18.6,30.5,116.2,24.5,15.9,23.6,13.9,19.3,22.3
2017-01-15,734,23.1,19,31.1,117.6,25.6,17.4,24.4,14.1,19.6,23
2017-01-16,735,23.9,19.4,31.8,120.5,26.1,18.8,24.8,14.7,20.2,23.8
2017-01-17,736,24.5,19.5,33.2,123.1,25.7,18.4,25.2,15,20.2,24.1
2017-01-18,737,23.6,19.4,32.8,117,24.7,18.6,24.9,14.3,20,23.6
2017-01-19,738,23.6,18.9,32.3,119,24.6,18.3,25.2,14.3,20,23.5
2017-01-22,739,24.3,19.2,33.5,118.3,26.4,18.8,27.7,15.1,20.5,24.3
2017-01-23,740,25.4,20,34.8,119.5,26.6,19.9,29.4,15.8,21.8,25.2
2017-01-24,741,26.2,20.7,35.6,119.8,27.3,20.3,29.7,16,23.4,25.6
2017-01-25,742,25.1,20.3,34.1,119.4,26,18.8,29.2,15.3,22.8,24.7
2017-01-26,743,24.6,20.1,34.8,118.8,25.6,18.7,28.5,15.2,22.8,24.2
2017-01-29,744,23.9,19.6,33.3,118.4,25.2,18.4,26.7,14.4,22.4,23.6
2017-01-30,745,23,19.3,32.9,118.6,24.6,17.7,26.3,14.2,20.9,22.8
2017-01-31,746,23.3,19.5,33.2,118.8,25,18.2,26.7,14.6,21.5,23.2
2017-02-01,747,23,19.4,32.9,119.8,24.9,18.1,26.8,14.4,21.3,23.2
2017-02-02,748,22.3,18.7,33.1,116.1,23.7,17.6,25.4,13.9,20.5,22.5
2017-02-05,749,21.8,18.6,32.8,117.8,23,16.6,25.7,13.5,20.1,22
2017-02-06,750,22,18.5,32.9,119.4,23.7,17.3,25.9,13.7,20.1,21.9
2017-02-07,751,22.6,18.8,32.9,119.8,23.9,17.8,26,14.2,20.6,22.5
2017-02-08,752,23.3,19,33.2,119.5,24.1,18,27.5,14.6,21,22.7
2017-02-09,753,23.6,19.2,33.2,120.4,24.4,18.2,26.8,14.7,20.9,22.9
2017-02-12,754,23.5,19.2,33.2,120,24.1,18.3,27.4,14.7,21,23
2017-02-13,755,23.2,19,33.1,118.7,23.3,18.2,26.9,14.4,20.9,22.8
2017-02-14,756,23.3,18.9,33.2,120,23.5,18.2,26.9,14.5,21,22.8
2017-02-15,757,23.3,19.1,33,119.7,23.8,18.3,26.5,14.5,20.9,22.8
2017-02-16,758,23.2,19,33.1,119.9,23.9,18.3,26,14.8,20.8,22.8
2017-02-19,759,22.6,18.6,33,119.9,23.8,18.2,25.7,14.5,20.6,22.5
2017-02-20,760,23.1,18.8,33.2,118.1,24.1,18.3,25.8,14.6,21.3,22.6
2017-02-22,761,22.8,18.9,33.4,119,24.1,18.6,25.9,14.5,21.2,22.6
2017-02-23,762,22.7,18.9,33.1,109.7,23.7,18.6,25.9,14.2,21,22.3
2017-02-26,763,23,18.8,33.4,108.9,23.9,19,25.7,14.6,21.2,22.9
2017-02-27,764,23,19.1,33.9,108.9,24.2,19,25.3,14.5,21.2,22.7
2017-02-28,765,22.8,18.8,33.9,108,24.2,18.9,25.7,14.2,20.9,22.4
2017-03-01,766,22.6,18.7,33.5,108.1,23.9,18.7,26.1,14.1,20.7,22.3
2017-03-02,767,22.5,18.6,33,108.2,23.9,18.5,25.8,14.1,20.6,21.9
2017-03-05,768,22.6,18.7,33.3,109,24.1,18.3,25.9,14,20.6,21.9
2017-03-06,769,22.6,18.8,33.3,107.8,23.9,18.3,25.8,13.9,20.6,21.8
2017-03-07,770,22.6,18.7,33.4,108.1,24.3,18.5,26.1,14.4,20.8,22
2017-03-08,771,23.1,19,33.7,106.7,25.1,19,26.9,14.6,21.2,22.5
2017-03-09,772,23.1,18.9,33.8,106.9,25.4,19.2,27.5,14.8,21.1,22.8
2017-03-12,773,23,18.9,34,107.6,25.3,19.2,27.8,14.8,21.1,22.7
2017-03-13,774,23.2,18.7,34.1,107.7,26.2,19.4,27.6,14.7,21,22.8
2017-03-14,775,23.6,19,35,107.9,27.7,20.4,27.4,15.4,21.4,22.5
2017-03-15,776,23.4,18.9,35.3,107.9,26.8,20.7,27.4,15.8,21.5,22.6
2017-03-16,777,23.2,18.7,34.7,104.6,27.8,20.8,26.9,15.9,21.6,22.3
2017-03-19,778,23.2,18.9,34.7,104.9,28,21,26.8,15.8,21.3,22.2
2017-03-20,779,24.4,19.1,34.8,103.7,30,20.9,27.6,15.7,21.4,22.6
2017-03-21,780,26.8,19.3,34.1,104.9,31.6,21,28.9,16,22.1,23.7
2017-03-22,781,27.2,20,34,105,31.6,21,29.1,15.7,22.2,23.8
2017-03-23,782,26.7,19.4,32.8,104.7,31.4,20.9,28.9,15.4,21.8,23.4
2017-03-27,783,25.9,19.2,32.8,104.4,30.6,20.6,28.5,15.3,21.8,22.9
2017-03-28,784,27.1,19.3,33,104.4,31.7,20.5,28.9,15.3,22,23.1
2017-03-29,785,27,18.9,33.4,104.5,31.8,20.3,29.2,15.1,22.1,23
2017-03-30,786,26.7,18.9,32.9,103.8,31.6,20.2,28.8,14.9,22,22.6
2017-04-02,787,25.2,18.7,33,103.5,30.4,19.9,28.3,14.5,21.6,22.3
2017-04-03,788,24.7,18.5,33.1,102,30.3,19.5,28.2,14.4,21.4,21.9
2017-04-04,789,25.1,18.4,33,104.4,30.4,18.9,28.2,14.4,21.4,21.3
2017-04-05,790,24.5,18.2,32.6,103.9,29.9,18.9,28,15.2,20.8,20.5
2017-04-06,791,24.2,18.3,33.1,103.4,28.9,19.5,27.9,15,20.7,20.1
2017-04-09,792,24,18.1,33.4,105,29.4,19.3,27.7,15.5,21.1,19.8
2017-04-10,793,23.1,17.9,34.5,104.8,28.8,19.5,27.5,15.2,21.4,19.9
2017-04-11,794,23,17.5,34.5,104.7,27.7,19.2,27.3,15.4,21,20.4
2017-04-12,795,22.5,17.1,30.4,103.2,26,19.1,26.9,15.2,20.7,20
2017-04-13,796,22.8,16.7,30.4,103.7,27.8,18.8,27,15.2,20.7,20
2017-04-16,797,22.3,16.9,30.4,104.3,26,18.6,27.3,15.2,20.8,19.7
2017-04-17,798,22,16.7,30.5,104,26,18.5,27.9,15.1,20.8,19.7
2017-04-18,799,22,16.4,30.6,103.7,19.4,18.4,27.6,14.9,20.7,19.6
2017-04-19,800,21.9,16.3,30.5,103.6,19,18.4,27.2,14.9,20.2,19.6
2017-04-20,801,20.9,16.3,30.5,103.6,18.5,18.4,27,14.7,19.5,19.3
2017-04-23,802,20.2,16.3,30.3,103,17.7,17.8,26.2,14.3,19.4,18.8
2017-04-24,803,20.7,16,30.5,102.6,18.2,18.1,26.1,14.2,19.6,18.6
2017-04-25,804,21.2,16.4,30.4,104.2,18.1,18.4,26.2,14.6,20,18.6
2017-04-26,805,21.4,16.8,30.6,103.6,18.5,19.5,26.2,14.8,20.2,17.8
2017-04-27,806,21.6,16.9,30.5,103.5,18.9,19.7,27,14.8,20.2,18.1
2017-04-30,807,20.2,17,30.6,102.6,18.6,19.4,26.8,14.8,18.2,17.9
2017-05-02,808,20.2,16.8,30.4,101.1,18.7,19.6,26.5,14.8,18,18.3
2017-05-03,809,20.5,16.8,30.5,100.2,18.7,19.6,26.7,14.8,18.2,18.3
2017-05-04,810,20.2,16.6,30.5,99.9,18,19.3,26.9,14.8,18.2,18
2017-05-07,811,20,16.7,30.6,102.1,17.9,18.9,26.7,14.9,17.8,18.5
2017-05-08,812,19.8,16.7,30.8,100,17.4,18.6,26.1,15,17.6,18
2017-05-09,813,19.6,16.9,31.1,100,17.3,18.6,25.6,14.8,17.5,17.9
2017-05-11,814,19.4,16.7,30.6,100.2,17,18.5,25.7,14.7,17.4,17.8
2017-05-14,815,19,16.7,31,100.3,16.8,18.3,26.1,14.5,17.1,17.7
2017-05-15,816,19.1,16.8,30.8,99.4,16.4,18.3,25.8,14.5,17.2,17
2017-05-16,817,19.3,16.7,30.8,100.2,16.9,18.2,25.8,14.7,17.2,16.9
2017-05-17,818,19.3,16.7,30.9,100.7,16.9,18,25.5,14.8,17.5,16.9
2017-05-18,819,19.2,16.7,30.9,100.5,16.7,17.8,25.7,14.7,17.4,17
2017-05-21,820,19.2,14.8,30.9,100.1,16.1,17.9,25.7,14.5,17.4,16.8
2017-05-22,821,19.3,14.9,31.1,100,16.1,18.3,25.9,14.5,17.2,16.8
2017-05-23,822,19.1,15,31.1,100,16.1,18.2,26.2,13.1,17.4,16.8
2017-05-24,823,19.1,15,31.2,100,16.1,18.5,26.2,12.8,17.2,17
2017-05-25,824,19.2,15.1,31.8,100.1,16.1,18.7,26.1,12.7,17.2,17.2
2017-05-28,825,19,14.9,31.4,99.5,15.9,18.7,26.5,12.5,17.3,17.4
2017-05-29,826,18.9,15.3,31.5,100.4,15.6,18.7,26.2,12,17.4,17.3
2017-05-30,827,18.8,15.8,31.4,99.6,15.7,18.6,25.8,12.9,17.4,17.5
2017-05-31,828,18.8,16.2,31.7,99.9,16.2,18.7,25.8,12.3,17.5,17.7
2017-06-01,829,19.1,16.8,31.7,100,16.4,19.1,22.6,12.6,17.7,17.9
2017-06-04,830,19,17.1,31.9,100.7,16.2,19,22.7,12.5,17.7,18
2017-06-05,831,19.5,16.9,32,99.9,16.6,19,23.1,12.6,17.6,18
2017-06-06,832,19.8,16.6,32,100,17.4,17.3,23.2,12.9,17.7,18
2017-06-07,833,19.7,17,32,101,17.2,17.2,23.1,12.8,17.5,18
2017-06-08,834,19.7,17,32.1,101.5,17.2,16.9,23,12.9,17.6,18.1
2017-06-11,835,19.7,16.8,32.2,100.8,16.9,16.7,23,12.7,17.7,18.3
2017-06-12,836,19.7,16.9,32.3,100.1,16.8,17.4,23,12.8,17.7,18.8
2017-06-13,837,17.7,16.9,32.3,100.1,16.7,17.4,23.1,13,17.7,19.7
2017-06-14,838,17.7,16.8,32.1,100.1,16.4,17.4,23.4,12.9,17.6,20.1
2017-06-15,839,17.8,16.9,32.2,100.6,16.5,17.3,23,12.9,17.7,20.3
2017-06-18,840,17.9,16.7,32.4,100.4,16.6,17.1,22.9,12.7,17.7,20.1
2017-06-19,841,18,16.8,32.5,101.4,16.7,17.3,23.3,12.8,17.9,20.2
2017-06-20,842,18.4,16.9,32.5,101.3,17.2,17.4,23.5,13,18,20.5
2017-06-21,843,18.6,16.8,32.5,100.2,17.4,17.6,24,13.2,18.2,20.9
2017-06-22,844,18.8,17,32.9,102,17.5,18,24.3,13.2,18.4,21.3
2017-06-28,845,19.1,17.1,33.8,100.8,17.5,18.3,24.8,13.3,18.6,21.8
2017-06-29,846,18.9,17.2,35,102,17.3,18.3,24.6,13.4,18.5,21.6
2017-07-02,847,18.6,16.9,34.7,102.3,17.3,18.1,24.5,13.1,18.3,21.2
2017-07-03,848,18.9,17.4,35,103.7,18.1,18.1,25.2,13.5,18.5,21.4
2017-07-04,849,19.2,17.7,35,104,19.4,18.3,25.4,13.7,18.7,21.9
2017-07-05,850,19.6,18.2,35.2,104.4,19.2,18.1,25.5,13.9,19.2,22.1
2017-07-06,851,19.4,18.1,35.1,104,19.1,18,25.2,13.7,19,22
2017-07-09,852,19.3,18,35.1,104.1,19.1,18.1,25.1,13.8,19,21.7
2017-07-10,853,20.2,18.5,35.6,105.1,19.5,18.1,25.5,14.3,19.5,22.1
2017-07-11,854,20.7,18.3,37,103.9,19.7,18.4,25.8,14.4,19.4,21.6
2017-07-12,855,20.4,18,36.1,103,19.2,18.1,25.4,14.4,19.1,21.4
2017-07-13,856,20.7,18,36.6,103.5,19.2,18.1,25.6,14.6,19.3,21.7
2017-07-16,857,20.4,17.8,36.5,104.2,19.1,18.3,25.5,14.9,19.2,21.5
2017-07-17,858,20.1,17.9,36.1,104,18.8,18.1,25.1,14.7,19.1,21.8
2017-07-18,859,20,17.7,36.2,104.5,18.6,18,24.6,14.5,19,21.7
2017-07-19,860,19.4,17.5,36.1,105,17.7,17.8,24.3,14.4,19,21.8
2017-07-20,861,19.6,17.4,36,105.6,17.5,18.1,24.8,14.5,19,22
2017-07-23,862,19.4,17.4,36,105.5,17.6,18.1,24.7,14.3,19,21.8
2017-07-24,863,19.6,17.6,36.5,105.3,18.1,18.2,24.4,14.4,19.1,21.9
2017-07-25,864,19.6,17.5,36.7,106,18.5,18.1,24.7,14.5,19,21.6
2017-07-26,865,19.6,17.8,36.8,106.1,18.5,18.1,25,14.9,18.7,21.9
2017-07-27,866,19.7,17.7,36.9,114.1,18.1,18.1,24.7,14.9,18.8,21.8
2017-07-30,867,19.6,18,37,124.9,18.1,18.1,24.9,14.9,18.6,21.8
2017-07-31,868,20.3,18.6,39.5,130.4,18.6,18.6,25.8,15.3,19.2,22
2017-08-01,869,20.4,18.9,42,125.3,18.7,18.9,25.9,15.9,19.3,22.1
2017-08-02,870,21.3,19.2,42.5,129.1,19.5,19.5,26.3,16.2,19.5,22.5
2017-08-03,871,21.1,19.4,42.5,127.3,19.2,19.8,25.9,15.9,19.7,22.6
2017-08-06,872,21.1,19.9,41.9,125.4,19.9,19.9,26.3,16,20,22.8
2017-08-07,873,21.2,20.9,42.7,125.5,20.2,20.2,27,16.2,20.5,23.2
2017-08-08,874,20.9,20.9,42.9,128.2,20.2,20.1,26.7,15.8,20.5,23
2017-08-09,875,20.5,20.7,42.7,124.7,19.8,20,26.6,15.6,20.1,22.6
2017-08-10,876,20.5,21.2,44.6,126.3,20,20.3,26.8,15.6,20.3,22.7
2017-08-13,877,21.1,21.6,45.8,136.4,20.7,21,27.4,15.9,20.4,23.1
2017-08-16,878,20.9,20.8,44.4,143.5,20.4,20.8,27.1,15.8,20.2,23
2017-08-17,879,20.3,20.3,42.5,140.7,19.7,20.5,26.7,15.4,19.7,22.7
2017-08-20,880,19.7,19.9,41.2,136,19.2,20,26.3,15.1,19.5,22.2
2017-08-21,881,20.4,20.7,42.2,140.4,19.6,20.2,26.6,15.5,19.6,22.3
2017-08-22,882,20,20.6,41.6,141.8,19.4,20.2,26.9,15.4,19.5,22.1
2017-08-23,883,20,20.7,41.6,138.6,19.3,20.2,26.7,15.3,19.6,22.2
2017-08-24,884,20.2,21.3,42.1,137.2,19.6,20.4,27.1,15.5,19.6,22.2
2017-08-27,885,20.7,21.6,43,139.4,19.7,20.9,27.6,15.7,20,22.5
2017-08-28,886,21.5,21.3,44.1,137.9,20,21.9,28,16.3,20.6,22.7
2017-08-29,887,21.9,21,43.2,137.3,20,21.9,28.2,16.2,20.5,22.4
2017-08-30,888,23,21.1,43.1,137.5,20.5,22.8,28.1,17.1,20.8,22.7
2017-08-31,889,23.1,21.2,45,137.7,20.6,22.9,28.4,17.4,21,22.8
2017-09-04,890,23,21.3,45.4,138.3,20.5,22.7,28.5,18,21.2,22.7
2017-09-05,891,23.5,22,45.5,138.1,21,23.7,29,18.1,22,23.2
2017-09-06,892,22.6,22.3,44.9,136.7,20.4,23,29.4,17.5,21.6,23.2
2017-09-07,893,22.9,22.1,45.5,136.6,20.6,23,29.5,17.9,21.8,23.3
2017-09-10,894,22.7,22,45.5,136.8,20.4,23,29.5,17.8,22.1,23.9
2017-09-11,895,22.2,21.4,43.9,137.3,20.1,22.5,28.8,17.4,21.5,23.3
2017-09-12,896,22.3,21.3,45.4,136.2,20.1,22.5,28.9,17.6,21.6,23.4
2017-09-13,897,22.7,21.7,46,137.5,20.5,22.5,29.2,17.9,21.6,23.5
2017-09-14,898,22.5,21.3,46.2,137,20.3,22.1,28.9,17.4,21.3,23.3
2017-09-17,899,23.1,21.6,46.6,136.5,20.5,22.4,29.1,17.9,21.6,23.6
2017-09-18,900,23.7,22.1,46.3,135.2,20.7,23,29.4,18,21.8,24.1
2017-09-19,901,23.9,22.2,45.5,136.4,21.5,23.2,30.7,18.4,22.1,24.8
2017-09-20,902,23.1,21.6,44.7,133.5,21.1,22.8,30.1,17.7,21.6,24
2017-09-21,903,23.2,21.3,45.2,133.7,21.1,22.9,30.3,17.9,21.6,24
2017-09-24,904,23.2,21.1,45.1,132.6,20.8,23.7,30.1,17.7,21.4,23.7
2017-09-25,905,22.6,20.3,44.8,130.7,20.1,23.2,29.8,17.1,21,23.1
2017-09-26,906,22.7,20.3,44.9,131.2,20,23.2,29.3,17.5,20.9,23.1
2017-09-27,907,22.4,20.4,45,144.3,19.8,24,29,17.4,20.5,23.6
2017-09-28,908,22.5,20.6,45.4,154.2,20.2,24.9,29.5,17.8,20.9,23.7
2017-10-02,909,23.2,21.9,46.8,151.2,20.9,24.9,30.3,18.4,22,24.9
2017-10-03,910,23.2,21.9,46.7,152.7,20.7,24.4,30.7,18.7,22.4,24.6
2017-10-04,911,23,22,48,166.8,20.3,24.2,30.7,19.3,22.2,24.4
2017-10-05,912,23.1,22.8,49.1,170.8,20.7,25.1,32,19.4,22.9,25.5
2017-10-08,913,22.8,22.7,48.7,167.9,20.4,24.7,31.9,18.8,22.6,25.7
2017-10-09,914,22.1,21.6,47.6,162.3,19.5,23.8,31.4,17.9,21.7,24.4
2017-10-10,915,21.8,21.7,47.9,165.4,19.6,24,31,18,21.7,24.9
2017-10-11,916,21.5,21.3,47.7,163,19.2,23.3,31.4,17.7,21.2,24.1
2017-10-12,917,20.9,20.8,47.3,167.1,18.9,22.5,30.9,17.1,20.8,23.8
2017-10-15,918,20.2,20.4,47.6,171.2,18.4,22,31.8,16.6,20.1,23.1
2017-10-16,919,20.1,20.7,46.9,168.6,18.3,22.2,33.1,17,20.4,23.2
2017-10-17,920,20.2,20.3,46.9,163.2,18.2,22.3,34,16.9,20.3,23.7
2017-10-18,921,20,20.2,46.6,165.5,18.1,22.5,34,16.5,20,23.2
2017-10-19,922,20.1,20.4,46.9,173.5,18.3,22.7,33.4,16.7,20.1,23.4
2017-10-22,923,20,20.2,47.2,171.9,17.9,23,32.3,16.7,19.9,23.4
2017-10-23,924,19.6,19.8,46.5,167.2,17.7,22.5,31,16.4,19.5,22.9
2017-10-24,925,19.5,19.7,46.2,163.4,17.7,22.2,30.5,16.3,19.6,22.8
2017-10-25,926,19.9,19.7,46.4,162,17.7,22.7,31.1,16.5,19.9,22.9
2017-10-26,927,19.8,20,47.8,160,17.6,23.2,32.3,16.6,20,23.2
2017-10-29,928,20.2,20.4,48,159.1,17.9,23.4,32.4,17.2,20.1,23.9
2017-10-30,929,20.1,20.9,47.2,155.9,17.8,23.1,30.1,17.1,21.4,24.3
2017-10-31,930,20.5,20.8,47.3,155.3,17.9,22.8,30.2,17.2,21.3,24
2017-11-01,931,20.5,21.1,48,157.7,18.4,23.2,30.2,17.6,21.6,24.6
2017-11-02,932,20.3,21,48.7,155.3,18.3,23.1,30,17.5,21.6,24.7
2017-11-05,933,20,20.6,48.7,151.1,18.2,23,30,17.3,21.4,24.4
2017-11-06,934,20,20.8,51.2,156.5,18.4,23.1,29.5,17.5,21.7,24.7
2017-11-07,935,20.5,21.3,54.1,154.7,18.6,23.3,31,17.7,22,24.9
2017-11-08,936,20.7,21.9,54.9,155.8,18.9,23.8,30.5,17.6,22.4,24.9
2017-11-09,937,20.7,22.3,55.6,153.8,18.9,24,31.4,18,22.5,25.5
2017-11-12,938,22.7,23,55.2,160.9,19.8,24.2,31.9,18.3,23.3,25.8
2017-11-13,939,23.6,22.9,54.8,159.4,19.6,23.9,31.8,18.3,23.5,25.4
2017-11-14,940,23.9,22.9,57,155.7,19.4,23.8,33.1,17.9,23.5,25.1
2017-11-15,941,23.1,22.9,55.5,154.9,19,23.6,33,17.7,23.1,24.6
2017-11-16,942,23.8,23,56.5,154,19.2,23.9,33.8,18,23.4,25.1
2017-11-19,943,23.8,23.5,57.1,151.6,19.3,23.7,34.2,17.8,23.4,24.9
2017-11-20,944,25.5,24.9,56.6,152.2,19.2,23.3,34.8,17.7,23.3,24.7
2017-11-21,945,25.3,24.6,55.2,150.3,19,22.9,34.1,17.5,22.9,24.2
2017-11-22,946,24.7,24.1,54.7,149.4,18.8,22.5,33.8,17.4,22.2,24.3
2017-11-23,947,25.3,24.3,54.5,151.4,19,22.8,35,17.4,22.3,24.4
2017-11-26,948,26.1,24.3,54.4,149.4,18.8,22.3,35,17.5,22.3,24.2
2017-11-27,949,25.5,24.2,54.1,151.7,18.8,22.5,34.7,17.3,22,24.1
2017-11-28,950,24.8,24.2,52,151.2,18.6,22.4,34,17.4,21.9,23.8
2017-11-29,951,25.1,24.2,51.4,151.1,18.6,22.4,33.9,17.5,21.8,23.8
2017-11-30,952,25.2,24.6,53.7,152.3,18.6,22.6,35.1,17.7,21.9,23.9
2017-12-03,953,24.4,24.8,52.9,152.3,18.5,22.5,33.9,17.6,21.9,23.8
2017-12-04,954,23.5,24.3,52,150,18.2,21.7,34.4,17.4,21.5,23.4
2017-12-05,955,24,24,52.7,150.3,18.1,21.3,34,17.5,21.7,23.4
2017-12-06,956,23.6,23.9,53,149.8,18.1,21.4,33.5,17.4,21.5,23.3
2017-12-07,957,23.3,24,52.7,149.6,18,20.9,33.6,17.4,21.5,23.2
2017-12-10,958,22.7,23.7,51.9,148.8,17.7,20.3,33.8,17.4,21.3,23.1
2017-12-11,959,22.8,23.8,51.5,150,17.8,20.5,34,17.1,21.3,23
2017-12-12,960,23.7,24,52.8,148.9,18.2,21.3,34.6,17.4,21.9,23.5
2017-12-13,961,23.2,23.8,52.5,149.1,18,21.5,34.8,17.4,21.7,23.3
2017-12-14,962,23.2,23.8,52.5,149.3,18,21.6,35.3,17.5,22,23.3
2017-12-17,963,23.2,23.6,51.6,149.3,18,21.7,34.7,17.3,21.7,23.3
2017-12-18,964,23.6,23.6,51.6,149.4,18,21.7,34.5,17.3,21.9,23.5
2017-12-19,965,23.5,23.6,51.7,154.3,18.1,22.1,35,17.6,22,23.7
2017-12-20,966,23.1,23.5,51.1,153.1,18,21.9,34.7,17.4,21.9,23.5
2017-12-21,967,22.8,23.5,50.7,151,17.9,21.5,34.3,17.4,21.7,23.5
2017-12-24,968,22.7,23.3,50.4,147.9,17.9,21.5,34.2,17.4,21.5,23.4
2017-12-26,969,22.6,23.1,50.3,147.1,17.7,21.6,34.4,17.3,21.6,23.4
2017-12-27,970,22.3,23.3,50.1,147.1,17.8,22,34.5,17.4,21.9,23.5
2017-12-28,971,22.1,23.1,51.1,153.1,18,22,35,17.7,22.2,23.6
2018-01-01,972,21.6,23.1,51.1,148.9,17.7,22.2,35.1,17.8,22.3,23.4
2018-01-02,973,21.5,23,50.5,148,17.8,22,35.4,17.7,22.3,23.2
2018-01-03,974,21.8,23.4,50.9,149.3,18.1,22.2,35.5,17.8,22.5,23.4
2018-01-04,975,21.8,23.3,50.6,148.1,18,21.9,35.2,17.8,22.2,23.2
2018-01-07,976,21.4,22.7,50.4,148.4,17.8,21.5,34.6,17.5,22.3,23
2018-01-08,977,20.9,22.1,48.9,147.2,17.6,21,34.3,17.2,21.7,22.6
2018-01-09,978,20.5,21.6,48.3,146.1,17.7,20.4,34.4,17.1,21.4,22.2
2018-01-10,979,20.3,22.1,48,144.6,17.7,20,34.1,17.2,21.5,21.5
2018-01-11,980,20.4,22.8,48.3,143.5,17.6,20.3,34,17.4,21.5,21.4
2018-01-14,981,19.9,22.8,47.5,144.6,17.3,20.3,33.5,17,21.3,20.9
2018-01-15,982,19.5,22.8,45.8,143.1,16.8,20.3,32.9,17,20.5,20.8
2018-01-16,983,19.9,22.6,46.5,143.8,17.1,20.7,33.8,17.2,20.5,21.1
2018-01-17,984,19.6,22.7,46,141.7,16.9,20.6,33.4,17,20.3,21.2
2018-01-18,985,19.5,22.7,45.4,141.3,17,20.6,33.6,16.9,20.4,21.7
2018-01-21,986,19.5,22.5,44.9,142,17,21.1,34,16.9,20.5,21.5
2018-01-22,987,19.6,22.6,45.6,140.9,16.9,21.4,34.1,17,20.3,21.4
2018-01-23,988,19.4,22.6,45.5,140,16.8,20.8,33.4,17.1,20.4,21.3
2018-01-24,989,19.3,22.3,45.1,137.7,16.6,20.6,33.3,17,20.4,21.7
2018-01-25,990,19.5,22.3,45.8,138.2,16.9,20.6,33.4,17.3,20.7,22.1
2018-01-28,991,19.1,21.8,45.7,135.2,16.8,20.1,33.2,17.1,20.5,22
2018-01-29,992,19.1,21.9,45.3,135.9,16.9,20.6,32.9,17.2,20.6,21.8
2018-01-30,993,19.6,21.7,44.6,135.9,16.8,20.9,32.8,17.1,20.5,21.6
2018-01-31,994,19.1,21.4,43.8,138.3,16.6,20.5,32,16.8,20.2,21.8
2018-02-01,995,19,21.7,42.6,138.1,16.7,20.2,32.1,17,20.3,21.7
2018-02-04,996,18.2,21.3,41,133.1,16.2,19.7,31.5,16.6,19.7,21.1
2018-02-05,997,17.8,21,40.5,130.3,16.1,19.5,32.4,16.6,19.5,21
2018-02-06,998,18,21.4,42.1,139.4,16.2,19.9,34,16.9,20,21.3
2018-02-07,999,17.8,21.1,42.3,145.6,16.1,20.1,34.2,16.9,19.8,21.2
2018-02-08,1000,18,21.8,42.9,150.9,16.2,20,33.1,16.9,20.1,21
2018-02-11,1001,18.8,22.9,44.4,153.8,16.8,20.8,33.2,17.3,20.7,21.7
2018-02-12,1002,19.2,23,44.8,149.9,16.9,20.9,32.9,17.1,20.8,21.8
2018-02-13,1003,19.1,22.9,44.9,151.4,16.9,21.1,32.9,17.1,20.6,21.5
2018-02-14,1004,19.1,22.8,44.9,149.2,17,20.8,32.9,17,20.4,21.9
2018-02-15,1005,18.8,22.5,43.5,145.1,16.7,20.8,32.1,16.9,20.3,21.4
2018-02-18,1006,18.2,22,41.2,143.2,16.5,20.5,31.5,16.6,20,21
2018-02-19,1007,17.9,22.1,41.3,147.4,16.4,20.4,32.4,16.7,19.9,21.2
2018-02-20,1008,17.9,22,41.2,146.3,16.3,20.5,32.5,16.8,19.9,21
2018-02-22,1009,17.9,22.1,41.5,141.9,16.3,20.3,32.7,16.7,19.9,20.9
2018-02-25,1010,17.6,21.9,40.7,126.6,15.9,19.9,33,16.7,19.6,20.7
2018-02-26,1011,17.3,21.8,40.3,124,15.9,19.6,33,16.6,19.6,20.7
2018-02-27,1012,17.3,21.3,41.1,120.9,15.9,19.7,33.2,16.5,19.6,20.6
2018-02-28,1013,17.2,21.5,41.4,118,15.8,19.3,32.9,16.5,19.4,20.7
2018-03-01,1014,17.4,21.6,42.6,124.5,16.1,19.1,33.4,16.6,19.4,20.7
2018-03-04,1015,17.3,21.1,42.6,125.2,16.1,19.2,33.5,16.6,19.4,20.5
2018-03-05,1016,17.1,21,41,120.7,16,19,33.1,16.6,19.1,20.5
2018-03-06,1017,17,20.9,41.2,120.6,15.9,18.9,33.6,16.6,18.9,20.5
2018-03-07,1018,16.8,20.9,40.4,119.1,15.8,19,32.5,16.6,18.9,20.3
2018-03-08,1019,16.9,21.1,40.2,120.1,15.9,19.2,32.2,16.6,19,20.2
2018-03-11,1020,16.7,21.3,39.4,118.5,15.7,18.9,31.8,16.5,18.7,20
2018-03-12,1021,16.3,21.1,39,116.5,15.2,18.5,31.2,16.1,18.7,20
2018-03-13,1022,16,21.1,39,113.3,15,17.7,30.2,15.8,18.3,19.5
2018-03-14,1023,16.1,20.8,38.8,113.3,15,17.6,30.1,15.6,18.3,19.5
2018-03-15,1024,16.6,21.2,39.6,116.5,15.3,18.6,30.7,15.9,19,20.4
2018-03-18,1025,16.8,21.3,40,116,15.4,18.9,30.5,15.8,18.9,19.8
2018-03-19,1026,16.5,21.3,38.8,113.6,15.1,18.5,29.8,15.7,18.5,19.3
2018-03-20,1027,16.5,20.8,38,112.4,15.1,18.7,29.8,15.5,18.5,19.6
2018-03-21,1028,16.1,19.3,36.9,109.4,14.7,18.1,29.6,15,18.1,18.2
2018-03-22,1029,16.2,19,37.8,112.6,14.7,18.6,30.5,15,18.3,18.6
2018-03-25,1030,16.1,18.6,37.7,111.7,14.5,18.2,30.2,15.1,18.3,18.4
2018-03-27,1031,15.6,18.5,37.5,112.1,14,18.2,29.7,14.9,17.9,18.2
2018-03-28,1032,15.6,18.5,38.7,113,13.8,18,30,14.9,17.8,18.4
2018-03-29,1033,15.8,18.7,40.2,114,14.9,18.3,30.2,15.3,18.1,17.8
2018-04-01,1034,16.7,19.7,41.2,118.7,15.5,19.8,31.8,16.6,18.8,18.4
2018-04-02,1035,17.1,20.1,41.8,115.6,16.3,21,31.9,17,19.3,18.7
2018-04-03,1036,16.6,19.8,41.8,115.2,16.1,20.5,31.5,16.8,18.9,18.6
2018-04-04,1037,16.6,19.3,41.5,114.5,15.8,20.6,32,16.5,18.6,18.6
2018-04-05,1038,16.6,19.3,41.7,114.5,16.1,20.8,32,16.6,18.6,18.5
2018-04-08,1039,16.4,19.1,43.1,114,15.9,20.8,31.5,16.5,18.5,18.9
2018-04-09,1040,16.5,19.2,42.4,114.4,15.6,21.1,31.9,16.3,18.5,19.2
2018-04-10,1041,16.6,19,41.3,115.9,15.7,20.8,32,16.5,18.4,18.7
2018-04-11,1042,16.3,18.9,40.6,113.4,15.3,20.4,31.6,16,18.3,18.7
2018-04-12,1043,16.2,18.7,40.4,113,15.2,20.2,31.1,15.8,18.3,17.3
2018-04-15,1044,15.9,18.9,39.5,112.1,14.9,20,30.8,15.6,18,17.2
2018-04-16,1045,15.9,18.8,39.6,113.4,15.1,19.7,30.9,15.7,18,17.5
2018-04-17,1046,16,19.3,39,115,15,20,30.8,15.8,17.9,17.6
2018-04-18,1047,16.4,19.6,41.1,116.3,15.4,20.8,31.3,16.3,18.3,18.1
2018-04-19,1048,16.2,19.6,40.3,116.5,15.6,21.3,31.6,16.6,18.3,17.8
2018-04-22,1049,16.1,19.8,39.7,115.5,15.4,20.6,32,16.4,18.5,18.1
2018-04-23,1050,16,20.4,40,115.1,15.4,20.7,32.1,16.2,18.6,18.5
2018-04-24,1051,16,21,40.2,116.5,15.5,20.5,32.3,16.4,18.6,19.3
2018-04-25,1052,16.3,20.9,38.8,117.6,15.7,20.9,32.8,16.5,19.3,20.8
2018-04-26,1053,16.3,20.9,39.6,124.7,15.3,20,32.8,16.6,19.2,20.6
2018-04-30,1054,15.5,18.3,38.5,123.6,15.1,20.8,32.6,16.1,18.1,19.6
2018-05-03,1055,12,17.9,37,121.6,15.2,21.1,32.9,15.7,17.7,19.6
2018-05-06,1056,12.1,18.1,36.5,120.5,15.3,20.6,32.8,15.6,17.7,19.2
2018-05-07,1057,12.5,17.9,36,121.6,15.2,20.4,32.8,15.7,18,18.9
2018-05-08,1058,13.1,17.7,35.7,118.4,15,20.4,33,15.9,18.2,19
2018-05-09,1059,13.6,17,35.2,117.1,15,20.6,33.1,15.3,18.1,18.9
2018-05-10,1060,13.1,16.3,34.2,116.4,15,20.4,33.1,15.6,17.7,18.7
2018-05-13,1061,13,16.7,34.5,116.4,13.1,20.3,27.7,15.3,17.1,18.5
2018-05-14,1062,12.9,16.8,35.2,117.6,13.1,20.1,27.8,15.5,16.9,18.3
2018-05-15,1063,13,16.4,35.6,115.9,13.3,20.4,26.5,15.7,17.3,18.8
2018-05-16,1064,13,16.3,37.5,115.1,13.3,20.1,26.8,15.6,17.2,18.4
2018-05-17,1065,12.8,16.1,35.7,115.1,13.1,19.5,26.8,15.5,16.8,18.2
2018-05-20,1066,12.7,16.1,33.6,114.3,12.9,19.2,27.6,15.2,16.8,18
2018-05-21,1067,12.8,16.4,33.6,117.3,12.8,19,28.6,15.2,17.2,18.2
2018-05-22,1068,12.8,16.4,34.1,118,12.8,19,28.9,15.5,17.1,18.2
2018-05-23,1069,12.7,15.6,34.5,117.6,12.8,15.1,28.8,15.6,17.1,18
2018-05-24,1070,12.8,16.5,35.4,118.5,12.9,15.1,29.4,15.8,15.1,18
2018-05-27,1071,12.7,16.4,36.1,118.8,12.8,15.5,30.1,15.8,15.1,18.2
2018-05-28,1072,12.7,16,36,117.7,12.8,15.5,30.5,15.6,15.1,18.1
2018-05-29,1073,12.6,16.3,35.9,118,12.7,15.2,30.5,15.7,15,17.9
2018-05-30,1074,12.6,16.7,35.8,117.2,12.7,15.1,30.8,15.7,14.6,17.7
2018-05-31,1075,12.6,16,36,116.3,12.7,15,30.6,14.2,14.7,17.7
2018-06-03,1076,12.6,16.6,35.5,116.4,12.7,15,30.1,13.8,15,17.6
2018-06-04,1077,12.4,16.5,35.4,116.8,12.7,14.8,30,13.8,14.9,17.6
2018-06-05,1078,12.3,16.4,35.4,116.6,12.7,15.1,28.9,13.8,15.4,17.9
2018-06-06,1079,12.4,16.8,36.7,117.4,13.1,15.6,29.5,14.4,15.7,18.2
2018-06-07,1080,12.4,16.6,36,117.5,13,15.3,29.2,14.6,15.9,17.9
2018-06-10,1081,12.5,16.2,34.8,116.1,13,15,29.4,14.5,16,17.6
2018-06-11,1082,12.3,16,34.9,114.7,12.8,15.3,30,14.6,16.4,18
2018-06-12,1083,12.4,16.2,35.4,114.4,13,15.4,30.1,14.4,16.8,18
2018-06-18,1084,12.3,16.2,34.5,115.3,12.9,15.3,30.1,14.2,16.7,17.8
2018-06-19,1085,12.1,16.2,34.7,113.4,12.8,15.2,29.5,14.3,16.9,17.8
2018-06-20,1086,12.1,16.2,34.5,114.7,12.9,15.5,30.2,15.2,16.9,17.8
2018-06-21,1087,12.2,16.8,34.6,115.1,13.1,15.4,30.3,15.1,16.9,17.9
2018-06-24,1088,13.2,17.9,35,118.1,13.3,15.8,30,15.3,17,18.2
2018-06-25,1089,12.5,17.4,34.7,116.8,13,15.8,29.6,14.9,16.6,18
2018-06-26,1090,12.2,17.4,34.9,114.2,12.9,15.7,29.2,14.8,16.6,17.8
2018-06-27,1091,12.3,17.8,34.1,120.2,12.7,15.8,28.6,14.6,16.2,17.5
2018-06-28,1092,12.4,17.2,33.8,121.4,12.7,15.4,28.6,14.7,15.7,17.6
2018-07-02,1093,12.3,16.7,32.7,116.2,12.6,15.3,28.6,14.7,15.9,17.4
2018-07-03,1094,12.3,16.8,33.2,114.2,12.5,15.3,28.7,14.7,15.4,17.3
2018-07-04,1095,12.3,17.2,33.8,114,12.4,15.3,28.9,14.8,15.2,17.3
2018-07-05,1096,12.2,17.2,33.1,115.2,12.4,15.3,28.7,14.6,14.8,17.4
2018-07-08,1097,12.2,16.8,32.9,115.2,12.2,15.3,29.2,14.2,14.7,17.6
2018-07-09,1098,12.2,16.5,32.7,113.6,12,15.1,29.9,13.6,14.7,17.4
2018-07-10,1099,12.1,16.5,32.9,114.9,12,14.9,30.3,13.6,14.2,17.2
2018-07-11,1100,11.9,16.6,32.2,117.5,12.2,15.1,30.9,14.1,14.6,17.2
2018-07-12,1101,12,16.4,32,116.8,12,14.8,31.9,13.9,14.4,16.8
2018-07-15,1102,12,16.2,31.2,115.7,11.8,14.2,32.1,13.6,13.7,16.7
2018-07-16,1103,11.9,16.2,31.2,114.4,11.9,14,31.9,14,14,16.6
2018-07-17,1104,11.9,16.5,31.5,115.1,11.8,14,31.9,13.7,13.6,16.5
2018-07-18,1105,11.8,16.4,31.6,114.6,11.7,13.7,31.9,13.6,13.6,16.1
2018-07-19,1106,11.8,16.5,31.5,113.5,11.3,13.8,31.5,13.4,13.6,16.3
2018-07-22,1107,11.6,16.4,31.2,113.9,11.1,13.9,31.2,13.3,13.9,15.8
2018-07-23,1108,11.5,16.7,31.5,118.5,11.4,14.2,31.3,13.7,14.4,16.1
2018-07-24,1109,11.4,16.4,31.5,118.5,11.4,14.1,31.6,13.1,14,16.1
2018-07-25,1110,11.4,16.2,31.1,116.4,11,13.9,32,13.2,13.7,15.7
2018-07-26,1111,11.3,16.2,30.7,117.7,11.2,13.8,32.1,13.4,13.9,15.9
2018-07-29,1112,11.4,16.6,30.9,118,11.1,13.8,32.4,13.6,13.9,15.8
2018-07-30,1113,11.6,16.9,31,118.5,11,14.8,32.6,13.7,14.6,15.8
2018-07-31,1114,11.4,16.8,31.6,117.5,10.9,14.7,33,13.7,14.7,16.3
2018-08-01,1115,11.5,17.1,32.6,120.3,11,15.4,33.3,14.2,15.2,16.3
2018-08-02,1116,11.8,17.5,33.2,120.4,11.4,16,33.3,14.4,15.7,16.6
2018-08-05,1117,11.9,16.8,33,118.9,11.2,15.9,33.5,14.5,15.5,16.1
2018-08-06,1118,11.9,16.9,32.3,117.8,11.1,15.7,33.5,14.5,15.4,16.2
2018-08-07,1119,12,17.2,32.2,117.6,11.4,16.1,33.5,14.4,15.3,16.3
2018-08-08,1120,12.2,17.3,33.6,119.4,11.3,16.4,33.9,14.6,15.8,17.1
2018-08-09,1121,12.5,17.1,34.1,121.6,11.7,17.4,33.6,14.7,16,17
2018-08-12,1122,12.5,17.5,35.2,133.4,12.1,17.9,33.5,15.1,16.1,17.1
2018-08-13,1123,12.5,17.5,35.8,131.4,12,17.5,33.4,15.4,16.1,17.1
2018-08-14,1124,12.5,17.4,35.7,130,12,17.5,33.5,14.9,16,17.2
2018-08-16,1125,12.8,17.8,36.5,134.3,12.3,17.8,33.8,15.3,16.3,17.8
2018-08-19,1126,13.2,18.6,37.5,136.6,12.8,18.5,34.7,15.9,16.9,18.6
2018-08-20,1127,13.3,18.6,38.1,133.9,13,18.6,35.3,15.9,16.9,18.7
2018-08-26,1128,13.1,18.1,37.1,129.4,12.8,18.1,36.3,15.7,16.6,19
2018-08-27,1129,13.1,17.7,36.6,131,12.6,17.6,38.3,15.5,16.4,18.7
2018-08-28,1130,13.7,17.8,37.5,133.2,12.7,17.8,39.2,15.8,16.5,18.7
2018-08-29,1131,13.7,17.6,37,132,12.5,18,39.5,15.7,16.5,18.4
2018-08-30,1132,13.8,17.5,37,130.2,12.5,17.9,39.5,15.5,16.4,18.7
2018-09-03,1133,13.3,17.2,36.6,129.6,12.4,17.3,39.5,15.4,16.2,18.6
2018-09-04,1134,13.1,17.3,36.1,128.1,12.1,16.9,39,15.3,15.9,18.4
2018-09-05,1135,13.1,17.1,35.9,128.1,12.1,16.7,38.2,15.3,15.8,18.1
2018-09-06,1136,13,17.2,35.9,128.2,11.9,17.2,37.9,15.5,16,18.2
2018-09-09,1137,12.9,16.9,35.5,127,11.9,16.7,37.8,15.2,15.7,18.3
2018-09-10,1138,12.6,16.9,35.2,125.7,11.8,17,37.3,15.3,15.6,18
2018-09-11,1139,12.7,17,34.9,126.8,11.9,17,37.7,15.1,15.5,18.2
2018-09-12,1140,12.6,16.8,34.6,124.2,11.5,16.6,37.7,14.7,15.6,18.1
2018-09-13,1141,12.5,16.8,34,124,11.5,16.3,36.9,14.5,15.6,18.2
2018-09-16,1142,12.3,17.1,33.6,123.8,11.3,15.9,37.7,14.5,15.2,17.9
2018-09-17,1143,12.3,16.8,33.5,123.7,11.3,15.7,36.9,14.3,15.2,18
2018-09-18,1144,12.5,17,34.5,124,11.3,16.2,35.6,14.5,15.1,18
2018-09-19,1145,12.7,17,35.4,124.9,11.3,16.5,36.9,14.5,15.1,18.1
2018-09-20,1146,12.7,16.8,34.7,123.9,11.2,15.9,38.5,14.4,15,17.9
2018-09-23,1147,12.5,16.9,34.6,123.7,11.1,15.7,38.4,14.3,14.8,17.8
2018-09-24,1148,12.7,16.7,34.1,124.6,11.1,15.6,38.2,14.3,14.8,17.6
2018-09-25,1149,12.7,16.7,34,124.2,11.2,15.4,37.9,14.3,14.8,17.7
2018-09-26,1150,12.7,16.8,34.4,124.1,11,15.6,38,14.3,14.8,18
2018-09-27,1151,12.7,16.7,34.3,124.2,11,15.8,36.2,14.4,14.8,17.8
2018-09-30,1152,12.7,16.8,33.3,124.2,10.9,16,36,14.4,14.8,18
2018-10-01,1153,12.6,16.8,33.7,125.6,11,16.2,36.6,14.4,14.8,18
2018-10-02,1154,12.5,16.7,34.1,130.6,11.1,16.5,37.1,14.5,14.9,17.7
2018-10-03,1155,12.4,17,34.2,129.8,11.4,17.6,37.8,14.6,15.3,17.9
2018-10-04,1156,12.4,16.8,34.3,128.4,11.1,17,38.6,14.5,15.2,17.8
2018-10-07,1157,12.4,16.5,34.9,129.4,10.8,16.7,38.6,14.3,15,17.6
2018-10-08,1158,12.3,16.8,35,132.2,11.2,17,38.5,14.3,15.3,17.7
2018-10-09,1159,12.1,16.8,34.8,130.6,11,16.9,38,14.2,15.4,17.7
2018-10-10,1160,12.2,16.7,33.7,129.8,11,16.9,38,14.2,15.3,17.5
2018-10-11,1161,12.1,16.9,33.9,129.8,11,17.2,38.2,14.1,15.3,17.5
2018-10-14,1162,12.1,17.2,34,132,11.2,17.9,38.2,14.5,15.6,17.6
2018-10-15,1163,12,17,33.8,130.3,11,17.9,38.1,14.6,15.5,17.5
2018-10-16,1164,11.8,17,34.1,130.7,11,18.2,38,14.7,15.4,17.5
2018-10-17,1165,11.8,17,34,129.9,10.8,18.3,37.7,14.7,15.3,17.5
2018-10-18,1166,11.8,17.6,34.6,130.7,11,18.8,37.3,15,15.3,17.9
2018-10-21,1167,11.9,17.6,34.6,130.9,11,18.6,37.3,15,15.4,18.1
2018-10-22,1168,11.7,17.7,34.5,131.6,10.9,18,36.1,15,15,17.4
2018-10-23,1169,11.7,17.9,34.9,132.6,11,17.9,35.9,14.9,14.9,17.5
2018-10-24,1170,11.8,18.2,35,131.2,10.8,18.2,36,15,14.7,17.5
2018-10-25,1171,11.7,18.4,35.1,130.1,10.9,18.4,35.5,15,14.6,17.5
2018-10-28,1172,11.3,18,34.2,129.4,10.7,18,33.2,15,14.6,17.4
2018-10-29,1173,11.2,17.6,34.3,134.6,10.7,18.1,35.6,14.9,14.7,17.3
2018-10-30,1174,11.6,17.5,34.8,136.3,10.7,18.2,36.5,14.9,15,17.3
2018-10-31,1175,11.6,17.4,35,133.5,10.6,18,36.3,15.1,15.1,17.3
2018-11-01,1176,11.5,17.2,34.7,132.1,10.5,17.8,36.8,15.1,14.9,17
2018-11-04,1177,11.3,17,34.2,130.3,10.5,17.5,36.2,14.9,15,17
2018-11-05,1178,11.5,16.9,34.4,127.2,10.4,17.6,36.2,15,14.9,17
2018-11-06,1179,11.4,16.8,33.9,127.1,10.6,17.5,36,15,14.9,16.9
2018-11-07,1180,11.5,16.9,34,127.3,10.9,17.8,36.2,15,14.9,17
2018-11-08,1181,11.6,16.9,34.1,128.3,10.7,17.2,36.2,14.9,14.8,16.9
2018-11-11,1182,11.8,17.1,34.6,127.3,10.8,17.6,36.5,14.9,15.1,16.9
2018-11-12,1183,11.8,17.6,34.8,131.3,10.7,17.4,36,14.8,15,16.9
2018-11-13,1184,11.8,17.3,34.9,131.6,10.6,17.3,36.1,14.8,15,16.9
2018-11-14,1185,11.7,17.5,34.1,131.8,10.4,17.3,36,14.8,14.9,16.8
2018-11-15,1186,11.6,17.3,34,131.7,10.4,17.3,36,14.8,14.9,16.7
2018-11-18,1187,11.7,17.4,33.7,131.3,10.3,17.1,36,14.6,14.9,16.5
2018-11-19,1188,11.7,17.3,33.7,130.8,10.2,17,35.6,14.6,14.9,16.8
2018-11-20,1189,11.9,17.5,34.5,133.5,10.3,17.5,35.6,14.8,14.8,16.8
2018-11-22,1190,11.9,17.5,34.1,133.3,10.4,17.4,35.9,15,14.9,16.8
2018-11-25,1191,11.9,17.3,34,131.8,10.3,17.2,35.6,15.1,14.7,16.7
2018-11-26,1192,11.9,17.3,34,131.8,10.3,17.2,35.7,14.9,14.8,16.7
2018-11-27,1193,11.7,17.2,33.9,131.5,10.2,17.2,35.9,14.9,14.8,16.7
2018-11-28,1194,11.7,17.4,34,131.6,10.4,17.2,35.8,15,14.9,16.7
2018-11-29,1195,11.6,17.3,34.7,130.7,10.3,17.1,35.6,15,14.8,16.8
2018-12-02,1196,11.5,17.4,34.6,130.3,10.4,17.1,35.9,14.9,14.8,16.8
2018-12-03,1197,11.4,17.4,34.7,131.2,10.4,17.1,35.3,14.9,14.8,16.7
2018-12-04,1198,11.7,17.7,34.8,132,10.5,17.4,35.3,14.9,15,16.7
2018-12-05,1199,11.6,18,34.9,132.4,10.6,17.8,35.6,15.2,15.1,16.8
2018-12-06,1200,11.5,17.7,35.2,134.2,10.7,17.6,35.1,15.3,15.1,16.8
2018-12-09,1201,11.5,17.4,34.6,133,10.5,17.2,35.2,15.4,14.9,16.8
2018-12-10,1202,11.5,17.3,34.9,133.6,10.5,17.2,35.3,15.5,14.9,16.9
2018-12-11,1203,11.5,17.6,34.7,132,10.6,17.3,35,15.1,14.9,17
2018-12-12,1204,11.4,17.7,35.6,131.9,10.3,17.1,34.7,15,14.7,16.8
2018-12-13,1205,11.4,17.2,35,130.6,10.3,17.2,34.5,14.9,14.9,16.9
2018-12-17,1206,11.4,17,34.7,131,10.4,17.2,34.5,14.9,14.9,16.9
2018-12-18,1207,11.4,17.1,34.7,130.8,10.4,17.2,33.8,15,14.9,16.9
2018-12-19,1208,11.4,17.1,34.9,130.9,10.4,17.2,33,14.9,14.9,17.2
2018-12-20,1209,11.6,17.2,35,131.9,10.5,17.3,32.9,15.1,15,17.2
2018-12-23,1210,11.6,17.3,35.2,132.9,10.6,17.4,33.8,15,15.1,17.3
2018-12-24,1211,11.6,17.5,35.3,133.8,10.7,17.6,33.9,15.4,15.2,17.4
2018-12-26,1212,11.7,17.9,35.9,139.2,11,17.8,34.3,15.8,15.5,17.8
2018-12-27,1213,12,17.7,36,144.4,10.9,17.6,35.1,15.9,15.6,17.6
