COMPANY,DATE,LTP,HIGH,LOW,CLOSEP(ACI),VOLUME
ACI,2014-12-01,380.2,399.9,377.2,396.6,90850
ACI,2014-12-02,395.2,407,391.1,401.7,82750
ACI,2014-12-03,401.2,408.8,396,397.6,96100
ACI,2014-12-04,394,396,385.4,386.8,51000
ACI,2014-12-07,384.1,386.9,377.1,380,48950
ACI,2014-12-08,380,394.8,377.1,391,91100
ACI,2014-12-09,392,395,380.1,382.1,61750
ACI,2014-12-10,389.7,391.9,379,382,73700
ACI,2014-12-11,382,382,377.3,378.2,19145
ACI,2014-12-14,371.1,379,371.1,374.9,28859
ACI,2014-12-15,374.9,377,370,370.7,64644
ACI,2014-12-17,372,384.3,372,377.6,76685
ACI,2014-12-18,376.1,381,369.6,370.8,50630
ACI,2014-12-21,373,375,372.1,373.4,24637
ACI,2014-12-22,371,376,370,371.3,45942
ACI,2014-12-23,370.1,374,370.1,371.3,18908
ACI,2014-12-24,373.9,377,370,373.2,34747
ACI,2014-12-28,370.3,372.1,370,370.7,23896
ACI,2014-12-29,372.1,377,371.3,375.5,34399
ACI,2014-12-30,377.9,391.5,375,389.9,111961
ACI,2015-01-01,389.9,395,386.1,387.3,50714
ACI,2015-01-05,385.1,386,381.7,382.3,29692
ACI,2015-01-06,383.1,386.9,381.5,383.3,51836
ACI,2015-01-07,383.2,390,383.2,388.7,31354
ACI,2015-01-08,386,387.8,385,386.3,22089
ACI,2015-01-11,383.9,388.9,383.2,384.8,39386
ACI,2015-01-12,383.1,386.6,376,378.3,73910
ACI,2015-01-13,378,382.5,377.4,378.5,61921
ACI,2015-01-14,376.3,380,374,374.6,47807
ACI,2015-01-15,371.6,376.9,371.1,372.4,37121
ACI,2015-01-18,372.5,373.7,370,372.6,36001
ACI,2015-01-19,372.7,373,365.3,366.1,54933
ACI,2015-01-20,370,370,364,364.5,26774
ACI,2015-01-21,361.9,363.9,355,355.9,40627
ACI,2015-01-22,355.9,367.5,355.9,362.1,33980
ACI,2015-01-25,360,362,354.2,355.6,28956
ACI,2015-01-26,355,360,354,354.3,22122
ACI,2015-01-27,354,362.1,351.1,358.6,36627
ACI,2015-01-28,356,363.9,356,357.1,35434
ACI,2015-01-29,355.2,358,354.7,356,33400
ACI,2015-02-01,354,356.5,348.5,350.2,24079
ACI,2015-02-02,347,350.9,342,350.4,33592
ACI,2015-02-03,348.6,354.5,346,353.3,28207
ACI,2015-02-04,352,352,347.5,350.2,78724
ACI,2015-02-05,350,364.6,350,363.5,136876
ACI,2015-02-08,363,373.4,360,372.4,151935
ACI,2015-02-09,372,389.5,371,386.8,286314
ACI,2015-02-10,388,394.2,383,391.1,138705
ACI,2015-02-11,393.8,393.9,381.1,383,95059
ACI,2015-02-12,386,392.5,382.6,389.9,123447
ACI,2015-02-15,391.8,391.8,385.2,385.6,39338
ACI,2015-02-16,385.4,388.4,376,380.7,68948
ACI,2015-02-17,380.1,383.4,376.9,379.3,64098
ACI,2015-02-18,380.4,384,377,379.4,47639
ACI,2015-02-19,376.7,387,376.7,385.2,64701
ACI,2015-02-22,388.5,406,386.8,405.3,306780
ACI,2015-02-23,408,416.2,407,414.7,213529
ACI,2015-02-24,407,428,407,425,235151
ACI,2015-02-25,429,436,420,423.3,293198
ACI,2015-02-26,423,436.5,423,436,217209
ACI,2015-03-01,445.2,445.2,430,435,171323
ACI,2015-03-02,436.5,436.5,420,422.2,142398
ACI,2015-03-03,424,424,412.1,414.7,110269
ACI,2015-03-04,414,428.1,414,422.2,112897
ACI,2015-03-05,426,426.2,417,417.9,92774
ACI,2015-03-08,419.6,419.7,413,414.1,85366
ACI,2015-03-09,418.6,422.9,414,415.2,91791
ACI,2015-03-10,416.5,422,416.4,421.1,90744
ACI,2015-03-11,424.6,441.1,423,436.8,305190
ACI,2015-03-12,440,455.7,433,454.1,460794
ACI,2015-03-15,457.4,464.7,449,463.9,282132
ACI,2015-03-16,465.1,468,455,457.3,286063
ACI,2015-03-18,458.1,458.1,443,445.5,286542
ACI,2015-03-19,443,461,443,459.5,164961
ACI,2015-03-22,463.8,483.5,463.8,482.5,383943
ACI,2015-03-23,488.8,490,477.5,479.9,231081
ACI,2015-03-24,481,498.7,480,495.7,413301
ACI,2015-03-25,504,518,501,511.5,517077
ACI,2015-03-29,515,540,508,512.2,599155
ACI,2015-03-30,512.5,538,506.7,534.4,467505
ACI,2015-03-31,535,547,530.4,535.2,377204
ACI,2015-04-01,534.8,536.5,515,518.3,269458
ACI,2015-04-02,518,524,512.3,516.2,192561
ACI,2015-04-05,517.2,525.7,512.5,514.2,192877
ACI,2015-04-06,514.8,531.9,514.8,524.3,228550
ACI,2015-04-07,525,542,525,540,359834
ACI,2015-04-08,549,574.5,549,573.1,522305
ACI,2015-04-09,582,582.9,556.7,559.9,368424
ACI,2015-04-12,560,563.8,546,553.4,244159
ACI,2015-04-13,555,574.7,553.3,572.2,305450
ACI,2015-04-15,579,586,567,571,322359
ACI,2015-04-16,571.3,572,538,545.6,320476
ACI,2015-04-19,553.7,560,525,529,285295
ACI,2015-04-20,535,536.9,494.3,498.9,282023
ACI,2015-04-21,503,536.4,485,536.4,324335
ACI,2015-04-22,545,570,530,534.8,423115
ACI,2015-04-23,534,547,522.1,528.7,204739
ACI,2015-04-26,567,568.3,500,508.4,525765
ACI,2015-04-27,514,526.8,485.2,515.4,186422
ACI,2015-04-29,528,554,517,553.6,377352
ACI,2015-04-30,570,570,500,534,680548
ACI,2015-05-04,536.1,554.9,525,545.4,337706
ACI,2015-05-05,548.9,558,540,553.1,413316
ACI,2015-05-06,553.2,561,539,541.3,303036
ACI,2015-05-07,549,551.3,531,532.6,314763
ACI,2015-05-10,538,542,527.1,529.5,280812
ACI,2015-05-11,528.8,545,526,541.7,209471
ACI,2015-05-12,549.7,550,538.1,546.6,281372
ACI,2015-05-14,480.8,510,480,486.8,406427
ACI,2015-05-17,486,486.6,470.1,472.5,326017
ACI,2015-05-18,473.8,484.7,470.1,471.9,280319
ACI,2015-05-19,472,473,461,462.7,346173
ACI,2015-05-20,470,470,452.2,455.3,162169
ACI,2015-05-21,460,479.9,455.2,466.5,161638
ACI,2015-05-24,474,474,450,455,78988
ACI,2015-05-25,460,474.8,454.1,464,206512
ACI,2015-05-26,464,501.5,464,494.6,543925
ACI,2015-05-27,504.9,535,498.8,521,457876
ACI,2015-05-28,522.3,535,512,522.4,350996
ACI,2015-05-31,525,543.9,521,527,222120
ACI,2015-06-01,530,535,521.3,525.4,190217
ACI,2015-06-02,532,533,508,511.8,182789
ACI,2015-06-04,508,529,508,512.2,110227
ACI,2015-06-07,525,526.5,510.2,512,144269
ACI,2015-06-08,511.8,517,492,496.3,171455
ACI,2015-06-09,493,515,492,498.5,86128
ACI,2015-06-10,496.4,520,496.4,513.9,119586
ACI,2015-06-11,516.9,516.9,499,501.4,123948
ACI,2015-06-14,491,506.5,490,492.3,85436
ACI,2015-06-15,493.9,513,493.4,507.7,97271
ACI,2015-06-16,507.7,508.8,493.6,495.7,116747
ACI,2015-06-17,497.5,508,491.1,501.6,148284
ACI,2015-06-18,504,505.5,495.3,497.2,79220
ACI,2015-06-21,492,499,491.3,496,58506
ACI,2015-06-22,498,499.9,493.3,494.8,34241
ACI,2015-06-23,493.2,498,492,494.2,77341
ACI,2015-06-24,491,493,486,487.7,60632
ACI,2015-06-25,486.1,490,482,483,65399
ACI,2015-06-28,490,506,486.2,500.9,136369
ACI,2015-06-29,505.9,517.5,501.5,515.8,153643
ACI,2015-06-30,522,524.7,514,517.1,204033
ACI,2015-07-02,517.5,538.5,514,534.8,205496
ACI,2015-07-05,539.8,566,539.7,562.7,338373
ACI,2015-07-06,566,599,559,591.7,359924
ACI,2015-07-07,595,620,584.2,616.2,317504
ACI,2015-07-08,620,626,590.3,599.2,332922
ACI,2015-07-09,599,611.9,588,597.4,274418
ACI,2015-07-12,605,642.2,605,639.1,1299516
ACI,2015-07-13,650,665,603.2,607,905769
ACI,2015-07-14,606.5,606.5,574.5,581.4,740954
ACI,2015-07-21,583,610.9,578,603.9,327927
ACI,2015-07-22,613,614.8,590.7,591.5,329218
ACI,2015-07-23,592,594.8,579.1,580.9,506224
ACI,2015-07-26,584,596,579,580.1,452331
ACI,2015-07-27,581.5,584.5,569.1,571.7,326116
ACI,2015-07-28,570,578.7,569,570,214676
ACI,2015-07-29,575,575,567,568.1,162116
ACI,2015-07-30,571.7,588,568.5,585.2,205816
ACI,2015-08-02,593.9,594.5,584,584.7,197789
ACI,2015-08-03,589.8,589.9,578,578.5,140970
ACI,2015-08-04,579.7,583.7,573.8,574.3,227762
ACI,2015-08-05,590,595,578.6,580.6,336545
ACI,2015-08-06,585,585.9,573.1,575,105186
ACI,2015-08-09,578,590,578,581.4,316281
ACI,2015-08-10,585,588.5,575.1,576.4,129874
ACI,2015-08-11,577,580,572.5,573.3,113935
ACI,2015-08-12,574,577,570,572.9,116886
ACI,2015-08-13,573,577,564.6,566.3,113447
ACI,2015-08-16,567,570,562,562.2,54411
ACI,2015-08-17,562.1,568,560,561.7,70479
ACI,2015-08-18,562.5,565,551.5,560.3,159999
ACI,2015-08-19,561,565,550.1,552.9,113849
ACI,2015-08-20,553,557,550.3,551.4,115106
ACI,2015-08-23,555,568.9,555,561.6,70815
ACI,2015-08-24,562,566.9,554.8,556.1,73623
ACI,2015-08-25,555,557.8,552.9,555.2,68952
ACI,2015-08-26,552.8,558,550,551.6,101751
ACI,2015-08-27,552.2,557,547.3,554,53350
ACI,2015-08-30,550.1,557.2,549,551.1,47497
ACI,2015-08-31,549.3,551.2,546.8,547,49297
ACI,2015-09-01,547,549.9,541.1,542.3,59244
ACI,2015-09-02,541.7,558.9,541.7,558.1,108104
ACI,2015-09-03,558,562,551.6,553.9,73442
ACI,2015-09-06,554,558,549,551,60719
ACI,2015-09-07,552,557.1,546,547.6,65209
ACI,2015-09-08,546,553.9,545.2,547.5,63548
ACI,2015-09-09,553.7,553.8,545.4,545.8,43561
ACI,2015-09-10,550.7,571.5,546.5,565.3,217986
ACI,2015-09-13,571.8,580,571.1,576.8,216861
ACI,2015-09-14,602,602,560.5,564.3,184993
ACI,2015-09-15,568.2,568.2,559,560.4,95184
ACI,2015-09-16,562.9,563.7,558.7,559.9,106387
ACI,2015-09-17,569,569,556,557,115575
ACI,2015-09-20,558.1,565,556.3,557.8,59536
ACI,2015-09-21,558.4,572.7,558.4,570,132468
ACI,2015-09-22,572,578.2,569,569.8,121580
ACI,2015-09-28,570,579,569.5,577,128512
ACI,2015-09-29,577.3,591,577.3,585.8,323436
ACI,2015-09-30,588,588.8,577.2,580.6,93414
ACI,2015-10-01,585.7,588,580,583.3,120164
ACI,2015-10-04,584,586.7,571.4,573.1,131652
ACI,2015-10-05,572,579.7,568,577.4,142919
ACI,2015-10-06,575.3,579.8,572.5,575.2,93207
ACI,2015-10-07,573.4,575.5,570,570.8,70032
ACI,2015-10-08,571.8,574,566.8,568.5,55111
ACI,2015-10-11,567.8,567.8,558.1,560.4,52070
ACI,2015-10-12,563.8,567.3,561.1,562.5,60390
ACI,2015-10-13,565,565.6,555.7,556.7,55709
ACI,2015-10-14,555.6,560,552.6,554.5,50126
ACI,2015-10-15,552,562,552,553.7,46614
ACI,2015-10-18,552.2,552.2,542.2,546.8,71436
ACI,2015-10-19,550,562.5,542,560.5,66269
ACI,2015-10-20,563,572,558.2,564.8,98631
ACI,2015-10-21,569.9,575.8,560,570.4,56418
ACI,2015-10-25,565.1,578.9,561.5,577.9,112030
ACI,2015-10-26,577.7,581,571.5,572.3,77301
ACI,2015-10-27,576,576,566.1,567.4,61637
ACI,2015-10-28,565.2,569.9,565,566.6,17577
ACI,2015-10-29,570.8,574.8,554.8,556,156367
ACI,2015-11-01,552,556.9,546,550.9,96796
ACI,2015-11-02,554,557.7,547.2,553.6,72448
ACI,2015-11-03,557.7,558,552,553.6,48655
ACI,2015-11-04,557,557,545.1,545.6,92479
ACI,2015-11-05,549.4,550.7,540.1,542,86529
ACI,2015-11-08,544,545.9,536,537.5,68697
ACI,2015-11-09,539.9,541.9,519,520.5,122399
ACI,2015-11-10,524.9,534,524.4,529.6,61015
ACI,2015-11-11,533,533,524,525,27905
ACI,2015-11-12,529.3,532.8,526.5,531.2,44672
ACI,2015-11-15,530.5,531.9,520,523.3,37448
ACI,2015-11-16,530.5,533,525.1,528.3,40350
ACI,2015-11-17,529.9,547,529.9,539.3,78421
ACI,2015-11-18,540.7,540.7,527.1,529.5,117510
ACI,2015-11-19,532,536.6,529,530.5,60978
ACI,2015-11-22,531,534.6,524.8,526.5,128318
ACI,2015-11-23,530,534.7,523,525.6,158526
ACI,2015-11-24,532,532,522.3,524.3,46454
ACI,2015-11-25,524.5,528.9,518,520.2,65054
ACI,2015-11-26,523,523,509.9,511.3,111169
ACI,2015-11-29,513,515.4,505,505.7,56860
ACI,2015-11-30,505,513.7,505,507.4,55484
ACI,2015-12-01,511.9,519.8,509.4,515.6,89357
ACI,2015-12-02,517,525,513.6,515.8,88128
ACI,2015-12-03,515.9,525,513.2,521.1,105889
ACI,2015-12-06,525,539.5,523.3,535.2,117024
ACI,2015-12-07,534,534,523,524.1,58166
ACI,2015-12-08,524.2,524.5,518,520.8,44755
ACI,2015-12-09,521.1,521.1,516.2,517.6,50222
ACI,2015-12-10,518.5,519.9,515.2,516.1,28309
ACI,2015-12-13,519.9,519.9,508,509.9,41498
ACI,2015-12-14,512.5,512.5,505.5,506.8,49970
ACI,2015-12-15,507.1,508.9,500,501,96568
ACI,2015-12-17,505,507.3,502,503.6,53871
ACI,2015-12-20,504.1,505.6,499.7,501,68593
ACI,2015-12-21,509.6,509.6,502,503.5,90366
ACI,2015-12-22,506.1,520,506.1,515.8,150967
ACI,2015-12-23,517,529,512.3,527.8,225637
ACI,2015-12-24,528,555.9,526.6,551.1,387000
ACI,2015-12-27,551,554.3,547,549.4,162709
ACI,2015-12-28,548,556.6,548,553,224197
ACI,2015-12-29,555.1,570,550.4,567.5,323169
ACI,2015-12-30,570,575,561,563.2,129673
ACI,2015-12-31,564.6,565.3,559.2,561.6,130639
ACI,2016-01-03,562.1,575.4,561.9,567.5,115659
ACI,2016-01-04,569.6,570.9,561.1,561.3,92543
ACI,2016-01-05,561.7,562,549.9,555.1,192960
ACI,2016-01-06,557,562.4,550,550.6,127394
ACI,2016-01-07,550.6,561.7,550.6,557.9,92518
ACI,2016-01-10,558,561,548.8,551.3,79864
ACI,2016-01-11,552,554.6,542,544.4,67720
ACI,2016-01-12,550.3,550.3,540,542.1,57903
ACI,2016-01-13,545,548.5,538,540.3,113020
ACI,2016-01-14,542,557.9,540.3,555.2,95556
ACI,2016-01-17,556.1,563.8,554.6,557.9,81219
ACI,2016-01-18,553.1,554,542,546,94185
ACI,2016-01-19,550,555.6,545.1,547.4,78739
ACI,2016-01-20,553.3,553.4,544,545.4,45570
ACI,2016-01-21,550.9,553,545.4,550.1,47248
ACI,2016-01-24,553.9,554.2,550,552.8,57949
ACI,2016-01-25,556,556,549.8,550.1,41531
ACI,2016-01-26,550.1,553,544.9,546.8,35742
ACI,2016-01-27,550.5,551.8,540,542.6,47550
ACI,2016-01-28,546,552,545,548.3,47584
ACI,2016-01-31,553.8,556,541.5,545.6,38990
ACI,2016-02-01,546,548.9,543,543.8,54091
ACI,2016-02-02,548,560,548,559.4,131693
ACI,2016-02-03,560,571.8,560,563.5,234474
ACI,2016-02-04,563,569,560.5,566.1,116882
ACI,2016-02-07,568,576.8,567.9,573.9,208649
ACI,2016-02-08,577.7,577.8,569.1,571.2,121583
ACI,2016-02-09,570.5,570.5,565.5,567.9,84513
ACI,2016-02-10,570,571.9,564,564.7,94857
ACI,2016-02-11,566.5,573.2,564.2,570.5,136363
ACI,2016-02-14,573,575,565.1,566.1,74276
ACI,2016-02-15,569,570,565,565.6,70200
ACI,2016-02-16,569,570,565,566.4,92129
ACI,2016-02-17,569.8,569.8,561.1,562.3,102275
ACI,2016-02-18,565,567,556,558.2,87300
ACI,2016-02-22,560.1,560.3,554,554.1,67409
ACI,2016-02-23,556.7,562.7,553.3,554.2,57780
ACI,2016-02-24,551.5,559,551.5,554.8,42753
ACI,2016-02-25,555.1,560,553,555,75628
ACI,2016-02-28,565,569.3,557.5,561.1,115048
ACI,2016-02-29,563.1,566,554.2,555.2,66172
ACI,2016-03-01,556.2,562,555,557.1,42585
ACI,2016-03-02,559.8,569.7,556.1,567.2,127948
ACI,2016-03-03,569.6,570,562.3,564.1,90922
ACI,2016-03-06,568.2,568.2,560.2,561.9,51233
ACI,2016-03-07,566.7,566.8,559.1,561.5,35853
ACI,2016-03-08,561.6,564,561.3,563.4,44218
ACI,2016-03-09,562.6,564.7,558.1,560.7,59890
ACI,2016-03-10,562.7,563,558.6,558.9,31205
ACI,2016-03-13,560,561.9,556,558.2,33432
ACI,2016-03-14,560,560.2,555.4,556.6,64087
ACI,2016-03-15,558.1,560.2,555,555.9,34595
ACI,2016-03-16,559.8,559.8,552.4,553.5,38249
ACI,2016-03-20,558.9,558.9,546.6,548,45701
ACI,2016-03-21,548.5,558.2,548.5,557.7,39681
ACI,2016-03-22,557,557.9,552,554,18770
ACI,2016-03-23,560,560,546,547.1,67394
ACI,2016-03-24,551.9,551.9,543.1,544.4,34356
ACI,2016-03-27,555,555,541,542.7,29580
ACI,2016-03-28,542.6,542.6,533,534.1,30665
ACI,2016-03-29,535.1,535.2,519,525.6,89795
ACI,2016-03-30,532.7,542,527,538.4,154819
ACI,2016-03-31,546.7,549,541,542.8,42638
ACI,2016-04-03,542,546.5,539.5,540.5,33394
ACI,2016-04-04,541.5,558.7,541.5,556.1,100717
ACI,2016-04-05,557,560.8,548,548.8,51606
ACI,2016-04-06,548.2,556,548.2,555,64983
ACI,2016-04-07,556,574,555.1,569.9,265086
ACI,2016-04-10,572,578.5,571.5,574,209830
ACI,2016-04-11,575,578,562.5,564.7,108237
ACI,2016-04-12,568.2,573.3,565.4,569,130928
ACI,2016-04-13,570,573,561,563.3,71546
ACI,2016-04-17,569,571.9,561.3,570.4,79682
ACI,2016-04-18,574.3,579.8,571,576.6,275282
ACI,2016-04-19,579.9,591.4,579.9,590,379290
ACI,2016-04-20,591.1,600.8,590,597.8,328002
ACI,2016-04-21,598.2,598.2,583.6,585,205993
ACI,2016-04-24,589.9,589.9,576,580.6,119046
ACI,2016-04-25,581.5,581.5,571,572.1,152569
ACI,2016-04-26,572.8,575.8,567.1,568.8,111759
ACI,2016-04-27,570.2,574.4,562.3,566.2,65514
ACI,2016-04-28,580,585,56,525.3,371584
ACI,2016-05-02,527.9,527.9,493,505.1,117855
ACI,2016-05-03,512,518,501,508.7,97108
ACI,2016-05-04,509.5,514,502,503.3,115280
ACI,2016-05-05,504.9,511.5,503.4,507,60519
ACI,2016-05-08,511.7,522,509.1,520.7,57582
ACI,2016-05-09,520,520,510.2,511.7,44009
ACI,2016-05-10,510.8,517,510.1,512.1,77314
ACI,2016-05-11,512.2,514,511.1,511.9,61080
ACI,2016-05-12,512,512.6,506,508.3,77159
ACI,2016-05-15,505.3,510,504,505.7,64770
ACI,2016-05-16,509.7,509.7,502.5,503.4,87786
ACI,2016-05-17,504,509.7,501,507.9,66117
ACI,2016-05-18,510.8,516,505.1,511.7,81882
ACI,2016-05-22,472,482.4,468,478.4,158460
ACI,2016-05-24,477.3,480.9,467,470,50806
ACI,2016-05-25,473,473,464.7,466.3,51598
ACI,2016-05-26,463.9,471.2,462.2,469.7,43755
ACI,2016-05-29,470.5,474.6,466,467.6,25541
ACI,2016-05-30,464,469.8,461.5,462.9,35515
ACI,2016-05-31,463.1,464,456,457.6,78258
ACI,2016-06-01,463.3,466,458,458.5,23522
ACI,2016-06-02,459.1,462.9,456.6,458,64420
ACI,2016-06-05,458,458.9,455.2,455.4,31649
ACI,2016-06-06,455.2,457.7,450,451.3,31514
ACI,2016-06-07,450,453,446,447.2,28600
ACI,2016-06-08,449.9,449.9,446,447,14228
ACI,2016-06-09,446.5,449,446.5,447.9,15770
ACI,2016-06-12,448.1,454,445,446.7,53280
ACI,2016-06-13,449.9,449.9,446,446.9,23758
ACI,2016-06-14,445.3,448,445.1,445.6,18248
ACI,2016-06-15,448,459,448,455.7,53829
ACI,2016-06-16,458.5,460,445,448.3,61820
ACI,2016-06-19,448.1,450,445.9,446.5,25217
ACI,2016-06-20,449,449,435.1,438,39171
ACI,2016-06-21,437.8,440,435,436.1,27952
ACI,2016-06-22,435,440,427,430.7,63998
ACI,2016-06-23,431,439.6,430,438.2,47105
ACI,2016-06-26,439.5,441.5,431.2,435.8,43875
ACI,2016-06-27,439.9,444,436.4,440.6,25200
ACI,2016-06-28,438.1,445,438.1,443.3,22698
ACI,2016-06-29,440.5,450,440.5,448.5,34447
ACI,2016-06-30,449.9,457.5,449.8,455.1,44521
ACI,2016-07-10,447,456,447,452.1,43255
ACI,2016-07-11,454.9,460.8,454.1,459.7,74104
ACI,2016-07-12,460.7,483,459,473.5,161022
ACI,2016-07-13,473.9,476,466,470.1,50587
ACI,2016-07-14,470.1,475.2,467.1,468.6,50292
ACI,2016-07-16,464.1,472.8,464,466.3,34346
ACI,2016-07-17,466,470.7,465,468.1,18911
ACI,2016-07-18,467,467,453.4,455.6,83783
ACI,2016-07-19,457.1,461.7,455,456.3,37914
ACI,2016-07-20,460,465,454,462.1,12280
ACI,2016-07-21,464,465,460,460.5,17262
ACI,2016-07-24,462.4,464.9,456,456.6,21878
ACI,2016-07-25,461.8,461.8,456,456.2,35133
ACI,2016-07-26,461.3,461.3,456.1,456.7,26699
ACI,2016-07-27,456.1,460,455,455.4,18205
ACI,2016-07-28,460.3,460.4,451,452.6,33461
ACI,2016-07-31,453.1,457,449.2,450.1,33059
ACI,2016-08-01,450,455.7,449,450.2,20799
ACI,2016-08-02,450.3,456,447.1,447.8,33879
ACI,2016-08-03,447.8,452,446.9,448.7,32001
ACI,2016-08-04,450,450,445.2,445.5,32063
ACI,2016-08-07,448,449.8,444.4,445.1,22510
ACI,2016-08-08,450,451,445.4,446.1,27849
ACI,2016-08-09,449.9,449.9,440,442.7,39875
ACI,2016-08-10,445.9,446.6,440.9,441.5,32219
ACI,2016-08-11,442,452,441.1,450.3,42558
ACI,2016-08-14,450.5,453.8,442.3,444.9,13531
ACI,2016-08-16,445,452,443.6,449.2,29657
ACI,2016-08-17,453,458,451,453.9,40906
ACI,2016-08-18,452.1,455.8,448,449.5,30367
ACI,2016-08-21,447.2,450,442.6,443.7,52551
ACI,2016-08-22,449.7,449.7,445.1,445.5,18694
ACI,2016-08-23,449,457.9,443.5,449.4,44966
ACI,2016-08-24,453.5,453.5,443.1,443.8,42614
ACI,2016-08-28,444.2,445,438.2,441.1,40511
ACI,2016-08-29,440.1,441.5,438.4,439.3,26811
ACI,2016-08-30,441,443.9,434.1,434.9,48310
ACI,2016-08-31,436,440,434,434.9,33061
ACI,2016-09-01,439.4,439.5,434.1,435.8,44196
ACI,2016-09-04,436,439.2,431.2,431.9,46547
ACI,2016-09-05,433,433,426.6,427.6,65479
ACI,2016-09-06,430.1,431,427.5,428.2,49724
ACI,2016-09-07,430,443.4,428.2,436.3,43615
ACI,2016-09-08,438.9,439,428.5,430.8,58371
ACI,2016-09-18,434.6,436,429.1,433.8,13957
ACI,2016-09-19,431.6,437.9,431,433,30735
ACI,2016-09-20,435.9,442,433.6,440.3,129299
ACI,2016-09-21,440.3,447,440.3,445,61576
ACI,2016-09-22,447.9,447.9,438.5,439.8,34259
ACI,2016-09-24,438.2,440,434.1,434.9,39944
ACI,2016-09-25,435,444.5,434,435.4,20898
ACI,2016-09-26,435.4,440,435.2,436.8,25333
ACI,2016-09-27,438.8,441.6,438.2,439.5,25391
ACI,2016-09-28,442,442,437.5,438.8,31544
ACI,2016-09-29,436.9,442.9,436,436.9,36560
ACI,2016-10-02,437.1,437.1,432.7,433.5,30450
ACI,2016-10-03,433.6,434.2,429.2,430,38738
ACI,2016-10-04,437.5,437.5,430.8,432.5,31668
ACI,2016-10-05,434.5,434.5,429.9,430.2,32229
ACI,2016-10-06,430.4,433.9,429.7,429.9,25776
ACI,2016-10-09,430,434.5,429.3,429.5,26536
ACI,2016-10-10,429.2,431.6,428.9,429.7,16563
ACI,2016-10-13,430.2,431.9,428.6,428.9,18853
ACI,2016-10-16,429,431.8,425,425.5,26844
ACI,2016-10-17,425.2,427.1,419.6,421.7,48772
ACI,2016-10-18,420.1,421.4,414.5,415.2,64939
ACI,2016-10-19,416,418.8,408,408.3,48738
ACI,2016-10-20,408.1,408.4,400.1,401.5,38196
ACI,2016-10-23,402.3,405,396.6,399.1,44121
ACI,2016-10-24,404.5,404.5,393.9,397.6,64449
ACI,2016-10-25,399.9,411.5,398.4,410.6,58233
ACI,2016-10-26,411,425.9,407,420.7,76125
ACI,2016-10-27,430,445,419.1,423.4,223416
ACI,2016-10-30,423,423,404.3,408.8,140447
ACI,2016-10-31,406.3,419.7,406.3,414.2,73403
ACI,2016-11-01,415,416.9,406,408.1,88007
ACI,2016-11-02,406.3,412.7,397,401.7,176761
ACI,2016-11-03,403.2,409.9,403.1,408.6,31375
ACI,2016-11-06,409.4,409.4,400.3,401.2,87156
ACI,2016-11-07,403.7,416.8,403.7,409.9,139069
ACI,2016-11-08,413.5,421.4,410,414.3,140228
ACI,2016-11-09,405,414.9,405,410.5,49542
ACI,2016-11-10,414.8,419,411,412.4,51378
ACI,2016-11-13,411,416.4,410,411,40668
ACI,2016-11-14,421,423,406.1,407.5,111909
ACI,2016-11-15,412.7,415,402.3,405.3,110294
ACI,2016-11-16,406.6,410,405.6,406.1,51142
ACI,2016-11-17,407.2,412,406.2,407.4,50106
ACI,2016-11-20,410,410,404.6,405.7,37748
ACI,2016-11-21,407,407.8,404.3,405.5,51105
ACI,2016-11-22,410,412.5,405.2,407.4,42479
ACI,2016-11-23,407.6,408.1,405.5,406.3,41660
ACI,2016-11-24,405.1,409.8,404.8,405,41146
ACI,2016-11-27,409.7,411,405.3,408.9,69996
ACI,2016-11-28,411.5,411.5,408.2,408.9,30437
ACI,2016-11-29,409,411,405.8,406.4,54869
ACI,2016-11-30,409,410.5,407,409.2,31162
ACI,2016-12-01,409.6,414,409.4,411.1,93430
ACI,2016-12-05,408.5,408.5,404,404.8,108513
ACI,2016-12-06,404.8,406.9,400.7,401.3,55954
ACI,2016-12-07,404,404,397.5,398.7,51380
ACI,2016-12-08,402.8,406.1,397.1,403.1,84195
ACI,2016-12-11,406.6,408.9,396,396.4,118150
ACI,2016-12-12,396,396.9,390,391.5,114054
ACI,2016-12-14,391.2,394.7,386.3,387.1,106514
ACI,2016-12-15,390.6,391,383.4,386.1,96934
ACI,2016-12-18,388,395,385.1,394.3,95766
ACI,2016-12-19,392,395.9,387.1,388.8,77502
ACI,2016-12-20,391.5,393.7,388.1,392.2,50723
ACI,2016-12-21,390.4,396.8,390,391.7,67274
ACI,2016-12-22,390.1,395,390,390.8,49269
ACI,2016-12-26,390.2,394,388.8,390.4,113905
ACI,2016-12-27,392.7,394.9,385.4,387.7,131978
ACI,2016-12-28,387.1,392.4,386.9,387.5,85448
ACI,2016-12-29,390.9,390.9,385,385.5,121586
ACI,2017-01-01,388,390,386.2,386.7,66644
ACI,2017-01-02,390,404,390,402.1,199196
ACI,2017-01-03,402,415.8,402,414.7,212297
ACI,2017-01-04,418.6,422.9,412.8,413.5,150348
ACI,2017-01-05,416,416,404,406.4,120674
ACI,2017-01-08,414.4,414.4,402.8,408.8,115185
ACI,2017-01-09,410,418.9,405.3,415.6,177217
ACI,2017-01-10,418.3,432,416.1,430.1,264037
ACI,2017-01-11,434.6,437.6,430,431.6,175308
ACI,2017-01-12,431.6,432,421,423.3,109565
ACI,2017-01-15,424.1,431,424.1,427.6,114000
ACI,2017-01-16,429.8,437,426.2,430.2,152235
ACI,2017-01-17,430.9,431,426.5,427.7,113897
ACI,2017-01-18,427.1,430,423,424.4,123756
ACI,2017-01-19,423,428,417.1,421.5,136874
ACI,2017-01-22,422.6,434.6,419,431.4,179255
ACI,2017-01-23,432.9,440.2,432,432.8,225252
ACI,2017-01-24,435,437,425,427.1,164589
ACI,2017-01-25,426.6,452.5,423.2,445.1,379160
ACI,2017-01-26,448,484,445.4,483.2,1032710
ACI,2017-01-29,490,501.9,481,493,808848
ACI,2017-01-30,494,495,470.3,474.8,308481
ACI,2017-01-31,475,478,468.1,473.7,248342
ACI,2017-02-01,477.6,479.9,469,470,275112
ACI,2017-02-02,470.1,470.1,454,454.6,214531
ACI,2017-02-05,456,474.1,450.2,470.3,135940
ACI,2017-02-06,472.1,477,465.3,466.8,100552
ACI,2017-02-07,467.5,477,463.4,468.9,110844
ACI,2017-02-08,474,493,473.8,481.7,296041
ACI,2017-02-09,485,496,479,482.7,183282
ACI,2017-02-12,491.8,491.8,482.6,485.3,120427
ACI,2017-02-13,486.8,492,485,487.6,237434
ACI,2017-02-14,490,492,483.8,484.7,173333
ACI,2017-02-15,488,490.5,485,486,169529
ACI,2017-02-16,486,487.9,476.6,482.6,150012
ACI,2017-02-19,480,481.1,474.1,478.5,201994
ACI,2017-02-20,477,479.9,473.3,474.5,108302
ACI,2017-02-22,472.1,477.6,472.1,474,149781
ACI,2017-02-23,474,476.9,470.2,471.1,109694
ACI,2017-02-26,472.1,475.3,472,473.4,79913
ACI,2017-02-27,475,475,467,468,94090
ACI,2017-02-28,468,472,464.2,465.3,153293
ACI,2017-03-01,467.7,471,460,462.6,118553
ACI,2017-03-02,466,471.7,462.2,469.2,88849
ACI,2017-03-05,472,472,468.1,470.2,136161
ACI,2017-03-06,470,485,470,483.9,217430
ACI,2017-03-07,484.8,490.7,480.1,483.7,214238
ACI,2017-03-08,485.9,489.5,483.5,485.5,133791
ACI,2017-03-09,483.3,486.9,481.3,485.1,111452
ACI,2017-03-12,482.7,485.4,478.9,481.3,103406
ACI,2017-03-13,481.2,487,475.3,477.7,98999
ACI,2017-03-14,479,481,472,473.9,103886
ACI,2017-03-15,475.7,477.9,473.8,476.7,73560
ACI,2017-03-16,474.1,475.5,472.3,474.1,109773
ACI,2017-03-19,474.9,483.6,474.9,483.3,106283
ACI,2017-03-20,487,487,478.3,480.1,80245
ACI,2017-03-21,478.7,479.9,478.3,478.4,83535
ACI,2017-03-22,476.1,479,474,474.2,71874
ACI,2017-03-23,474.1,480,473.6,477.9,35990
ACI,2017-03-27,476.2,479.8,474.7,478.1,55472
ACI,2017-03-28,475.5,477,472.8,473.6,39822
ACI,2017-03-29,473.7,479.9,472.7,479,64196
ACI,2017-03-30,479.9,482.9,478.1,479.5,63923
ACI,2017-04-02,477.3,485,477.3,483.8,115373
ACI,2017-04-03,484.4,501,483.1,499.6,574265
ACI,2017-04-04,500,507,495.3,499.1,244247
ACI,2017-04-05,498,500,494.2,498.4,132587
ACI,2017-04-06,500,503,497.3,500.8,182180
ACI,2017-04-09,502.9,513.8,502.9,511.6,398451
ACI,2017-04-10,513,521,511.8,514.2,286800
ACI,2017-04-11,515,517.8,508.4,510.2,162947
ACI,2017-04-12,508.8,510,500.3,503.5,149297
ACI,2017-04-13,505,507.8,501.8,502.4,107577
ACI,2017-04-16,502.6,504.9,502,502.8,106326
ACI,2017-04-17,503.4,505.9,502.6,504.9,133325
ACI,2017-04-18,505.9,506,502.2,502.9,79194
ACI,2017-04-19,503.1,505,497.4,504.2,99790
ACI,2017-04-20,502.6,505.7,499,500,80950
ACI,2017-04-23,497.4,500,492.1,498.9,93828
ACI,2017-04-24,499.8,500,494.3,495.6,70731
ACI,2017-04-25,499,506.8,496.6,499.3,53251
ACI,2017-04-26,500,502.1,498.2,500.7,92135
ACI,2017-04-27,500,500,480,487.7,150126
ACI,2017-04-30,495,507,495,501.9,220080
ACI,2017-05-02,501.5,502.2,494.1,496.6,91730
ACI,2017-05-03,499,500,496,497.4,67415
ACI,2017-05-04,496,498.8,492.7,493,77168
ACI,2017-05-07,496,501.9,493.1,499.6,50955
ACI,2017-05-08,496.8,504,496.8,502.7,65961
ACI,2017-05-09,502.7,505,498.6,500.2,33992
ACI,2017-05-11,500.3,510.4,500.3,508.9,276877
ACI,2017-05-14,510,525,510,518.3,521261
ACI,2017-05-15,518.5,521,513.8,517.1,154022
ACI,2017-05-16,518.7,522,510,511.3,127006
ACI,2017-05-17,510.5,515,507.7,509.5,119768
ACI,2017-05-18,510,517,509.7,512.3,156681
ACI,2017-05-21,513,520,512.2,519.6,216675
ACI,2017-05-22,521,529.7,517.3,525.5,418816
ACI,2017-05-23,528.8,532,523,524.9,181870
ACI,2017-05-24,525,525.5,520.8,522,134324
ACI,2017-05-25,523,524.5,518.2,519.3,103033
ACI,2017-05-28,517,519.9,513.1,515.2,94813
ACI,2017-05-29,515.9,520,512,518.6,52754
ACI,2017-05-30,519.8,520.9,515.8,516.3,41988
ACI,2017-05-31,517,518.9,514.5,517,66065
ACI,2017-06-01,516.7,517.4,510.8,511.6,176014
ACI,2017-06-04,513,514.7,510.8,511.3,75067
ACI,2017-06-05,511,513.9,510.2,512.1,54166
ACI,2017-06-06,514.9,516.9,512.5,513.9,87667
ACI,2017-06-07,515.9,515.9,510.3,511.5,102561
ACI,2017-06-08,511.2,513.5,511,512.1,33872
ACI,2017-06-11,512.2,513.3,504.6,505.3,134846
ACI,2017-06-12,502.9,510,502.9,508,61082
ACI,2017-06-13,507.6,511,507.6,508.3,23955
ACI,2017-06-14,509,509,508,508.2,41478
ACI,2017-06-15,508,509.8,506,508.5,34479
ACI,2017-06-18,509,509,506.6,507.2,24806
ACI,2017-06-19,507,508.9,506.6,507,113752
ACI,2017-06-20,509.9,509.9,507.4,508,63424
ACI,2017-06-21,508.5,512.5,508.5,510.7,56012
ACI,2017-06-22,510.7,517.6,510.7,516.9,161642
ACI,2017-06-28,515.1,519.9,515.1,517.9,72847
ACI,2017-06-29,515.1,519.4,515.1,516.5,79823
ACI,2017-07-02,515,516,508.7,510.2,69447
ACI,2017-07-03,510.2,516.8,509.6,514.9,81835
ACI,2017-07-04,515,517.2,513,514.4,71399
ACI,2017-07-05,516.7,519,514.3,518.1,70303
ACI,2017-07-06,517,517,512.9,513.7,35741
ACI,2017-07-09,510.6,517.7,510.6,516.6,60416
ACI,2017-07-10,515.2,517,511,512.9,106363
ACI,2017-07-11,512.6,515.1,509.7,510.1,129964
ACI,2017-07-12,509.7,513.5,507.1,511.6,138991
ACI,2017-07-13,511.9,512.9,508.1,510.6,52086
ACI,2017-07-16,509.2,511.2,507.5,508,189560
ACI,2017-07-17,508.1,514.8,508,512.2,120630
ACI,2017-07-18,511,514.6,509,509.9,118843
ACI,2017-07-19,509.9,511.5,506,509.8,157366
ACI,2017-07-20,509.1,511.8,509,509.4,59012
ACI,2017-07-23,508,511.6,508,509.8,50039
ACI,2017-07-24,509,510.8,508.3,508.8,54113
ACI,2017-07-25,508,511.5,508,509.1,74145
ACI,2017-07-26,509.5,513,509.5,511.1,37241
ACI,2017-07-27,511.8,514.5,511.8,513,107220
ACI,2017-07-30,510.7,518.3,510.7,517.7,72268
ACI,2017-07-31,520.1,520.1,514.8,518.5,125845
ACI,2017-08-01,506.3,525.9,506.3,522.1,113937
ACI,2017-08-02,520.1,524.5,516.7,518.1,104724
ACI,2017-08-03,516,521.8,516,517.1,90019
ACI,2017-08-06,519.2,519.3,516,516.4,55996
ACI,2017-08-07,518,519,510,512.7,72778
ACI,2017-08-08,510.1,516,510,513.7,14901
ACI,2017-08-09,515,516.8,511.5,513.3,28208
ACI,2017-08-10,513.7,518,511.7,516.1,32118
ACI,2017-08-13,520,522,515,517.1,111130
ACI,2017-08-16,519.9,520.2,510,511.3,58926
ACI,2017-08-17,512.2,518,510.1,512.2,34112
ACI,2017-08-20,515,528.8,515,526.8,340305
ACI,2017-08-21,528,528.3,523.5,525.6,192062
ACI,2017-08-22,525,528,524,527.4,126255
ACI,2017-08-23,525,535,525,534.4,332674
ACI,2017-08-24,535.1,553.9,535.1,553,505614
ACI,2017-08-27,553.7,570,553.7,566.4,429876
ACI,2017-08-28,566,567.9,555.5,561,262106
ACI,2017-08-29,562,564.9,557.8,559.4,111743
ACI,2017-08-30,560,561.9,556.3,559.4,97999
ACI,2017-08-31,561.5,561.5,558.1,559.6,138624
ACI,2017-09-04,559.3,561.4,557.1,560.1,60811
ACI,2017-09-05,560.5,571,560,569.8,115779
ACI,2017-09-06,573,584.2,571,578.8,140606
ACI,2017-09-07,580,586,575,582.4,186043
ACI,2017-09-10,581.1,585,576.4,580.4,138405
ACI,2017-09-11,578,591,578,588.6,133761
ACI,2017-09-12,588,597.8,588,595.5,191276
ACI,2017-09-13,599.8,604,591.1,601,152479
ACI,2017-09-14,601.1,609,590,592.9,124452
ACI,2017-09-17,592,595,582.1,584.7,94607
ACI,2017-09-18,584.1,588,574.1,577.8,140718
ACI,2017-09-19,575,580,574.1,577.4,99434
ACI,2017-09-20,576.9,576.9,568,569.1,138676
ACI,2017-09-21,569.1,577.9,569.1,575.4,42616
ACI,2017-09-24,578,582.5,570,572.5,70548
ACI,2017-09-25,571,573,564.5,570.2,106650
ACI,2017-09-26,565.1,577,565.1,575.8,73310
ACI,2017-09-27,582,589.9,578.4,583.5,96686
ACI,2017-09-28,577,581.9,575.5,579.1,138205
ACI,2017-10-02,575,580,571.5,576.1,40511
ACI,2017-10-03,576.1,578.1,570.2,572.3,77979
ACI,2017-10-04,570.5,578.5,570,571.7,91554
ACI,2017-10-05,572,573,568,570.6,152556
ACI,2017-10-08,568.5,584,568.5,582.9,46039
ACI,2017-10-09,582.8,610.5,582.8,599.3,293883
ACI,2017-10-10,593.4,598.9,590.5,591.9,65902
ACI,2017-10-11,592,594,587.6,592.4,99066
ACI,2017-10-12,593,614,593,609.5,299110
ACI,2017-10-15,610,630.9,610,628.8,203770
ACI,2017-10-16,630,630,615,619.2,164748
ACI,2017-10-17,615.2,617,612.9,615.2,59854
ACI,2017-10-18,615,624,615,618.3,77022
ACI,2017-10-19,621.7,624,618,621,76177
ACI,2017-10-22,627,638.4,619,619.4,120203
ACI,2017-10-23,619.4,623,601,615,81557
ACI,2017-10-24,615,615,581.5,585,213294
ACI,2017-10-25,599,599,580.2,581.2,64958
ACI,2017-10-26,581.2,581.2,565,567.7,128912
ACI,2017-10-29,568.6,574,564.1,566.7,50502
ACI,2017-10-30,564.5,569.9,561,565.1,25993
ACI,2017-10-31,562.5,573.5,562.5,569.8,54056
ACI,2017-11-01,570,580,567.1,576.7,25456
ACI,2017-11-02,580.9,585,576.2,578.2,26608
ACI,2017-11-05,578.7,585,575,581.4,38053
ACI,2017-11-06,580.9,582,575.1,580.4,33138
ACI,2017-11-07,584.9,584.9,576.3,579.6,34564
ACI,2017-11-08,584.7,584.7,569.5,570.7,139331
ACI,2017-11-09,573.7,578.9,570.1,574.1,56066
ACI,2017-11-12,577,584.7,575.2,582.9,136491
ACI,2017-11-14,525,529,490.2,499.6,779858
ACI,2017-11-15,499.4,505,490,490.9,98979
ACI,2017-11-16,491.4,492,480,482.1,141757
ACI,2017-11-19,482.3,486,479.6,480.4,91069
ACI,2017-11-20,484.7,484.7,479.2,480.1,71547
ACI,2017-11-21,480,480.5,476,477.8,50571
ACI,2017-11-22,476.1,478,475,475.1,55676
ACI,2017-11-23,475.2,476.8,474,474.5,53689
ACI,2017-11-26,476.2,478.8,474.6,478,28653
ACI,2017-11-27,478.2,479.9,475,475.8,20638
ACI,2017-11-28,475.9,475.9,474.2,474.4,20866
ACI,2017-11-29,474.5,476,471,473,22203
ACI,2017-11-30,473.6,474,469.1,470.4,37793
ACI,2017-12-03,470.4,471.9,469.3,469.5,20605
ACI,2017-12-04,469.5,471.2,465,466.6,27714
ACI,2017-12-05,466.6,466.8,461.4,463,42830
ACI,2017-12-06,463,464,462,462.8,24957
ACI,2017-12-07,464,464.5,460,461.1,16402
ACI,2017-12-10,462,464.6,461.1,462.9,8486
ACI,2017-12-11,462,464.8,460,461.5,10405
ACI,2017-12-12,462,462,460.8,461.1,10061
ACI,2017-12-13,464.2,468.5,463,463.5,11312
ACI,2017-12-14,464.1,464.2,463.7,464.1,8510
ACI,2017-12-17,466.1,475,466.1,473.2,16046
ACI,2017-12-18,473.5,478,470.2,472.9,15592
ACI,2017-12-19,473,475,471,471,13035
ACI,2017-12-20,471.1,471.2,468.1,468.6,12486
ACI,2017-12-21,465.1,465.1,460.3,462.5,32229
ACI,2017-12-24,462.7,463,453.2,456.5,39364
ACI,2017-12-26,457,475,457,459.7,16814
ACI,2017-12-27,466,466,458.3,460.9,24745
ACI,2017-12-28,460.2,464,459.1,459.8,29582
ACI,2018-01-01,460,464.9,459.7,460.4,10481
ACI,2018-01-02,460,463.5,458,462.1,27336
ACI,2018-01-03,463,463,460.6,461.3,24909
ACI,2018-01-04,462.6,464.9,461,461.9,16160
ACI,2018-01-07,463.3,474,463.3,466.3,16302
ACI,2018-01-08,466.3,468,461,462.5,21592
ACI,2018-01-09,463,466,462.2,463.3,18207
ACI,2018-01-10,463,465.3,462.8,464.3,28111
ACI,2018-01-11,465.9,465.9,463,463.5,27832
ACI,2018-01-14,464.5,464.5,457,458.5,67934
ACI,2018-01-15,459,460.9,456.5,457.4,62525
ACI,2018-01-16,457.4,457.4,456.3,456.5,46782
ACI,2018-01-17,456.5,457,449.9,450.2,64313
ACI,2018-01-18,451.5,452.5,446.9,447.2,42483
ACI,2018-01-21,453,453,439,441.2,65364
ACI,2018-01-22,440,455,440,453.3,67668
ACI,2018-01-23,455.2,455.3,451.2,452.6,32930
ACI,2018-01-24,454.5,454.9,453,453.6,30946
ACI,2018-01-25,453.1,453.4,450,451.3,27670
ACI,2018-01-28,450,452.3,448,450.4,20521
ACI,2018-01-29,450.4,452.1,448,448.9,15114
ACI,2018-01-30,448,448.9,439.7,440.5,48353
ACI,2018-01-31,438.3,439.9,428.1,429.2,86116
ACI,2018-02-01,437.9,437.9,430,431.8,35880
ACI,2018-02-04,432,432,422,422.8,55232
ACI,2018-02-05,420.2,429.5,420,427.6,34197
ACI,2018-02-06,428.3,433.6,428.2,429.5,21633
ACI,2018-02-07,429.5,430,423,427.8,73720
ACI,2018-02-08,430.1,431.6,428.7,429.7,9186
ACI,2018-02-11,429.7,430.1,427.7,428.1,66022
ACI,2018-02-12,434.7,434.7,424.9,425.3,49970
ACI,2018-02-13,429.6,429.6,419.7,420.6,66663
ACI,2018-02-14,423,423.8,417.6,419.2,58024
ACI,2018-02-15,420.1,430,418.5,425.1,193823
ACI,2018-02-18,425.1,430,418.5,419.7,69655
ACI,2018-02-19,423.4,425,414.4,415.2,77299
ACI,2018-02-20,419.4,420,405.4,407.8,144810
ACI,2018-02-22,412.3,412.3,398,399.4,100946
ACI,2018-02-25,405,405,384.6,385.5,275004
ACI,2018-02-26,389,408,383,398.3,58379
ACI,2018-02-27,398,409.9,395,409.4,84943
ACI,2018-02-28,412.7,412.8,405.8,410.5,51892
ACI,2018-03-01,408.3,410.2,405.4,405.9,56180
ACI,2018-03-04,406.2,407.3,398.8,399.9,75181
ACI,2018-03-05,403.6,403.6,397,399.3,61009
ACI,2018-03-06,403.4,403.4,398.6,399.2,68732
ACI,2018-03-07,402.5,402.7,395,396.9,51426
ACI,2018-03-08,397.2,397.2,385.6,389.4,189345
ACI,2018-03-11,390,394.8,386.5,388.4,44844
ACI,2018-03-12,390,390,385,385.9,56052
ACI,2018-03-13,385.9,388.4,382,384.1,33325
ACI,2018-03-14,384.1,408,382,392.4,105106
ACI,2018-03-15,394,400,386.8,391.1,68568
ACI,2018-03-18,397,408,391.6,396.3,144035
ACI,2018-03-19,402.9,406,397.6,399.4,52772
ACI,2018-03-20,399,410,394.6,405.1,137727
ACI,2018-03-21,405.8,413.4,404,410.8,132371
ACI,2018-03-22,410.1,412.8,402.1,405.5,33770
ACI,2018-03-25,406.4,406.7,401.7,401.9,31298
ACI,2018-03-27,404,405,397.3,398.4,43877
ACI,2018-03-28,398,403.7,394,395.2,32130
ACI,2018-03-29,394.6,401.2,394.6,399.1,32439
ACI,2018-04-01,404.5,404.5,396.7,400.9,56807
ACI,2018-04-02,401.4,408,400,406.8,81471
ACI,2018-04-03,407.2,408.5,402,403.6,115932
ACI,2018-04-04,405,406.3,403.4,405.5,34328
ACI,2018-04-05,407.6,407.9,403,406.7,39199
ACI,2018-04-08,406.9,410,403,404.7,61694
ACI,2018-04-09,408,413,404.7,410.6,89916
ACI,2018-04-10,410.6,413.8,407.1,408.6,132387
ACI,2018-04-11,408.6,411.7,408.1,409.4,26602
ACI,2018-04-12,410,410,402.1,403.2,91084
ACI,2018-04-15,404,406,402.8,404.6,58137
ACI,2018-04-16,403,406.5,401,405.1,96179
ACI,2018-04-17,409,412,401.2,402.2,72144
ACI,2018-04-18,402.2,404.2,402.2,403,61085
ACI,2018-04-19,400,410,400,403.8,50063
ACI,2018-04-22,403.1,410,400.9,401.9,94616
ACI,2018-04-23,402.6,405.8,401.1,402.4,57473
ACI,2018-04-24,404.9,404.9,398,399.1,141752
ACI,2018-04-25,403,403,392,395.2,78073
ACI,2018-04-26,393.1,397,391,394.7,68234
ACI,2018-04-30,390.5,390.5,361.6,362.5,281301
ACI,2018-05-03,368,370.9,362,367,93786
ACI,2018-05-06,367,371.7,367,368,41449
ACI,2018-05-07,370,370,367,368,34765
ACI,2018-05-08,369.5,369.5,363.3,365.7,43017
ACI,2018-05-09,365.7,366,355.1,358.4,50804
ACI,2018-05-10,362.4,362.4,350,351,65380
ACI,2018-05-13,351.8,355,347.2,348.9,32580
ACI,2018-05-14,350,352,348.3,351.7,31116
ACI,2018-05-15,352.6,360.7,351.5,360.1,68851
ACI,2018-05-16,362,366.5,359.4,364.7,59723
ACI,2018-05-17,366.9,371,365,367.5,134071
ACI,2018-05-20,368,375,367,368.7,54248
ACI,2018-05-21,365.5,368.6,355,357.2,44721
ACI,2018-05-22,364.5,364.5,354.1,355.7,18438
ACI,2018-05-23,353.2,359.7,350,350.4,34789
ACI,2018-05-24,352,357.9,352,353.1,23849
ACI,2018-05-27,353.2,356,350.3,351.3,32317
ACI,2018-05-28,354,354,348,349,37052
ACI,2018-05-29,349,349.2,344,347,41036
ACI,2018-05-30,347,347,339.9,342.1,73672
ACI,2018-05-31,341.7,341.9,336.4,337.2,49325
ACI,2018-06-03,339.9,339.9,329.9,331.5,54539
ACI,2018-06-04,333.9,334,330,330.5,26605
ACI,2018-06-05,333,338.3,331.5,337.1,59571
ACI,2018-06-06,340.9,345,338,341,69371
ACI,2018-06-07,342.2,343.9,338.5,341.9,39686
ACI,2018-06-10,344,350.2,342.2,349.2,35918
ACI,2018-06-11,351.6,356,348.4,349.2,44546
ACI,2018-06-12,351,351,342.2,343.2,38197
ACI,2018-06-18,344,352,341.2,348.7,33240
ACI,2018-06-19,352.9,352.9,343.5,343.8,32565
ACI,2018-06-20,343.6,347.4,342.5,344.2,38093
ACI,2018-06-21,345.5,347.7,342.8,344.6,63208
ACI,2018-06-24,345,349.7,345,348.3,49548
ACI,2018-06-25,348.5,354.8,345.1,346.7,45928
ACI,2018-06-26,348,351.1,346,347.1,29333
ACI,2018-06-27,349.8,351.9,347.9,348.4,41392
ACI,2018-06-28,345.1,349.9,345.1,347.8,48503
ACI,2018-07-02,350.6,350.7,340,341,50293
ACI,2018-07-03,341,344.9,336.4,337.5,27002
ACI,2018-07-04,338.2,342.5,334.9,336,66060
ACI,2018-07-05,336.1,340.9,335,336,81549
ACI,2018-07-08,338,344.8,338,342.4,28515
ACI,2018-07-09,343.2,343.2,336,339.1,48311
ACI,2018-07-10,339.2,340.5,336.5,337,59755
ACI,2018-07-11,340,350,338,339.6,34662
ACI,2018-07-12,339.6,344.6,337.1,340.3,40447
ACI,2018-07-15,340,345,338,343,75721
ACI,2018-07-16,343.9,346.9,338,339,78701
ACI,2018-07-17,340,344,339.7,341.2,61276
ACI,2018-07-18,342,358,341.3,355.1,134612
ACI,2018-07-19,359,386.1,359,386.1,245481
ACI,2018-07-22,405,408.9,394,399.5,255003
ACI,2018-07-23,400,400,377,379.6,130919
ACI,2018-07-24,382.9,383.8,370.6,373.1,96776
ACI,2018-07-25,377.9,379.6,367.5,369,64230
ACI,2018-07-26,370,382,367.3,377.6,78202
ACI,2018-07-29,382,382,370.1,371,45347
ACI,2018-07-30,371.3,371.3,362.7,363.3,55851
ACI,2018-07-31,366,366,362,363,58445
ACI,2018-08-01,363,367,358,361.4,32889
ACI,2018-08-02,361.4,364.7,360,361.8,43759
ACI,2018-08-05,361,375.4,360,370.6,36659
ACI,2018-08-06,371.5,380,366.6,373.8,69069
ACI,2018-08-07,373.8,378.7,372.1,373,29387
ACI,2018-08-08,374.8,374.9,368.3,369.1,25798
ACI,2018-08-09,371.8,371.8,364.6,365,41913
ACI,2018-08-12,367,367,363.5,364,23936
ACI,2018-08-13,363.1,366,363.1,364.5,25212
ACI,2018-08-14,361,364.9,361,362.5,27911
ACI,2018-08-16,362.7,365.3,362.7,363,19317
ACI,2018-08-19,365,365,360,360.4,29067
ACI,2018-08-20,360,366.9,360,364.3,15579
ACI,2018-08-26,364.3,365,360,363.6,34160
ACI,2018-08-27,365,368,362,367.2,31855
ACI,2018-08-28,368.3,371,365.2,366.9,31387
ACI,2018-08-29,371,371,367.7,369.4,17096
ACI,2018-08-30,369.5,370.4,366.1,366.5,15270
ACI,2018-09-03,366.6,367.2,362.5,363.2,35969
ACI,2018-09-04,365,366.4,362.5,364.4,30554
ACI,2018-09-05,365,370.1,363.9,368.9,27661
ACI,2018-09-06,371.1,378.7,371.1,375.1,65191
ACI,2018-09-09,375.7,375.7,370.5,371.5,29861
ACI,2018-09-10,370.1,370.1,364.9,365.9,43747
ACI,2018-09-11,369,370,365,368.2,63027
ACI,2018-09-12,371,371.9,364.1,366.3,43350
ACI,2018-09-13,368,372,366.1,369.6,48768
ACI,2018-09-16,372.6,372.6,365,366.1,29972
ACI,2018-09-17,366,366.1,360.6,361.3,52709
ACI,2018-09-18,361.1,363.9,360.1,361,23154
ACI,2018-09-19,360.3,362,356.6,357.2,32888
ACI,2018-09-20,357.2,362.5,357.2,360.6,21177
ACI,2018-09-23,357,362,351.2,352.8,25293
ACI,2018-09-24,353.1,353.2,345.1,346,25323
ACI,2018-09-25,347,347,344,345.2,18599
ACI,2018-09-26,349,353,345.2,349.8,14380
ACI,2018-09-27,349.9,349.9,346.1,347.2,6313
ACI,2018-09-30,348,349,339.4,340,23064
ACI,2018-10-01,342,352.8,341.6,345.3,18549
ACI,2018-10-02,349,349,346.2,347.6,10600
ACI,2018-10-03,348.6,349.8,346.4,347.7,6140
ACI,2018-10-04,348,348,345,346.2,19575
ACI,2018-10-07,347.1,347.1,341,341.9,37822
ACI,2018-10-08,344,348.9,342,344.7,38499
ACI,2018-10-09,347.9,374.8,347.9,374.8,121441
ACI,2018-10-10,398,398,367,371.2,95184
ACI,2018-10-11,371.2,372,360.4,364,69955
ACI,2018-10-14,364,365.1,357,357.8,36828
ACI,2018-10-15,359,362.9,353,353.8,21550
ACI,2018-10-16,355,355,349,351.2,27221
ACI,2018-10-17,351.7,352.9,344.7,345.4,37738
ACI,2018-10-18,350,357,345.6,348.2,25886
ACI,2018-10-21,349.9,351.5,345.8,346.1,12280
ACI,2018-10-22,346.1,350.8,342.6,343.8,11226
ACI,2018-10-23,344.2,346.6,342.1,343.4,30716
ACI,2018-10-24,346.3,349.9,345.2,348.5,10451
ACI,2018-10-25,354.7,355,346,347.7,18286
ACI,2018-10-28,354.9,355,338.2,344.5,36902
ACI,2018-10-29,345,354.9,345,349.5,31422
ACI,2018-10-30,353.5,353.5,346,348.6,16996
ACI,2018-10-31,348.7,350.9,347,349.6,22448
ACI,2018-11-01,351.6,351.6,349.1,350.2,30276
ACI,2018-11-04,351,352.9,350,351.8,31925
ACI,2018-11-05,352,352.1,348.1,351.4,28171
ACI,2018-11-06,352.2,352.2,350,351.6,27668
ACI,2018-11-07,352,353.8,351.2,353.2,54090
ACI,2018-11-08,355,364.9,348.1,360.4,27052
ACI,2018-11-11,364,364,355.5,357.4,46864
ACI,2018-11-12,355,355,341.1,353,43255
ACI,2018-11-13,350.2,353,348,350.9,26199
ACI,2018-11-14,349,359.9,349,356.7,50270
ACI,2018-11-18,341,341,331.3,336.9,40153
ACI,2018-11-19,336.1,336.9,331.5,332.7,32633
ACI,2018-11-20,337.5,348.9,332,335.7,38049
ACI,2018-11-22,338,340,335,335.9,29234
ACI,2018-11-25,336.9,337.9,334,334.3,20899
ACI,2018-11-26,334.3,334.3,331.1,331.9,30661
ACI,2018-11-27,331.9,335,330,331.6,16871
ACI,2018-11-28,331.6,332.9,330.1,330.2,18752
ACI,2018-11-29,330.5,331.9,324.6,325.2,21778
ACI,2018-12-02,326.1,330,321.1,321.8,16130
ACI,2018-12-03,326.5,326.5,322.1,324.2,14788
ACI,2018-12-04,324.2,325,323,324.3,10616
ACI,2018-12-05,324.3,327.8,324,326.3,13308
ACI,2018-12-06,326.5,328.9,323,324.9,18219
ACI,2018-12-09,323.2,327.6,323.2,325.6,15017
ACI,2018-12-10,327,327,324.5,325.7,13159
ACI,2018-12-11,326.8,333.8,326.1,327.2,16733
ACI,2018-12-12,327.2,331.9,324,324.6,10855
ACI,2018-12-13,325,325,323,323.2,18412
ACI,2018-12-17,322.2,324,318,318.9,56468
ACI,2018-12-18,318.5,318.9,315.7,317.9,13841
ACI,2018-12-19,318.3,322.9,316.1,320.1,8473
ACI,2018-12-20,320,326,319.9,324.7,10165
ACI,2018-12-23,324,325.9,322,323.7,7686
ACI,2018-12-24,324,329,321.1,327.9,13558
ACI,2018-12-26,324.2,327,324,326.9,2752
ACI,2018-12-27,325.3,328,322,326.2,17741
ACI,2019-01-01,329.9,329.9,325.6,327.6,9890
ACI,2019-01-02,326,328.8,324.3,325.7,22851
ACI,2019-01-03,325.7,329.9,323,328.4,16158
ACI,2019-01-06,332.8,350,327.5,346.2,61731
ACI,2019-01-07,349,350.2,339.1,343.6,45387
ACI,2019-01-08,346,349,341.4,344.8,34554
ACI,2019-01-09,344.9,362.6,343,358.3,88467
ACI,2019-01-10,360.3,364,352.5,357,40921
ACI,2019-01-13,357,359,351,352.6,25771
ACI,2019-01-14,353.4,355,350,350.5,26505
ACI,2019-01-15,350.3,355,348.4,351.9,53785
ACI,2019-01-16,354.8,355,350,350.3,27105
ACI,2019-01-17,351.2,353.5,349,351.5,37561
ACI,2019-01-20,349.2,352.9,346,350,22976
ACI,2019-01-21,351,352,348.1,349.1,23711
ACI,2019-01-22,351.1,351.1,344.3,346.2,27419
ACI,2019-01-23,346.7,349,338.2,340.6,59951
ACI,2019-01-24,340.6,340.6,334.1,338,30446
ACI,2019-01-27,336.6,337,334,335.8,42067
ACI,2019-01-28,336,340.1,336,338.5,15053
ACI,2019-01-29,334.1,334.1,309,315,133886
ACI,2019-01-30,312,315,300,303.7,115098
ACI,2019-01-31,303.7,304,294.9,299.3,76522
ACI,2019-02-03,300,303.3,299.2,302.6,64516
ACI,2019-02-04,305,312,305,310.9,43356
ACI,2019-02-05,310.9,310.9,303.9,304.4,28209
ACI,2019-02-06,305,305.6,301,301.3,30897
ACI,2019-02-07,302,309,301.2,305,32868
ACI,2019-02-10,309,315.9,308.1,314.6,52644
ACI,2019-02-11,315,318,308,309.8,16735
ACI,2019-02-12,309,310,307.3,308.9,9375
ACI,2019-02-13,310,315,307,307.9,25451
ACI,2019-02-14,307.9,310,305.4,305.7,22412
ACI,2019-02-17,305.7,310,304.5,305.3,16632
ACI,2019-02-18,305.3,305.3,301.7,301.9,35813
ACI,2019-02-19,302,305,300,303.7,12478
ACI,2019-02-20,309,309,301.1,302.4,23065
ACI,2019-02-24,302.6,305,300,300.8,21395
ACI,2019-02-25,301,305,301,304.2,21322
ACI,2019-02-26,305.3,312,305.1,310.3,55398
ACI,2019-02-27,309,309.3,304.5,305.3,22980
ACI,2019-03-03,305.2,306.2,303.1,304.5,24018
ACI,2019-03-04,304.6,306,303,305,18190
ACI,2019-03-05,303.1,305.9,303.1,304.7,20773
ACI,2019-03-06,304.3,306.4,304,305.3,16758
ACI,2019-03-07,306.5,308.9,305.1,307.6,12867
ACI,2019-03-10,308,309.7,307.1,308.6,22060
ACI,2019-03-11,309,309,302.8,307.4,25485
ACI,2019-03-12,306.1,306.9,304,305,9115
ACI,2019-03-13,303.6,307.2,303.5,305.5,35616
ACI,2019-03-14,304.5,306.5,304,305.5,12831
ACI,2019-03-18,304,305.1,301,304.7,22050
ACI,2019-03-19,302.2,303,300,300.5,42123
ACI,2019-03-20,301.3,304.7,301,302.9,19432
ACI,2019-03-21,304.6,304.6,300.8,301.5,19356
ACI,2019-03-24,301.7,301.7,299,299.6,16627
ACI,2019-03-25,300,302.4,299.7,300.3,17160
ACI,2019-03-27,300.3,304,300.3,301.8,15757
ACI,2019-03-28,302,306.7,301.8,304.6,21756
ACI,2019-03-31,305,306.1,303.3,305.3,17592
ACI,2019-04-01,307,308,305,307.2,20419
ACI,2019-04-02,307.9,313.5,307.9,309.1,28030
ACI,2019-04-03,310,311.8,308,310,41080
ACI,2019-04-04,310,312.9,308.5,312,20576
ACI,2019-04-07,312,321.8,311.5,319.4,58985
ACI,2019-04-08,323.5,335.4,321,333,147342
ACI,2019-04-09,333.6,338,323.5,324.8,54298
ACI,2019-04-10,320.4,324.9,309,309.9,60987
ACI,2019-04-11,312,316.9,310,314.6,21742
ACI,2019-04-15,315,318,312.5,312.6,12568
ACI,2019-04-16,312.6,312.6,308.7,309.9,33005
ACI,2019-04-17,313.5,313.5,308.1,309.5,17057
ACI,2019-04-18,309.5,314.3,309.5,312.8,11858
ACI,2019-04-21,313,314.6,310.2,311.8,16631
ACI,2019-04-23,311,312,307,307.2,15126
ACI,2019-04-24,308,308,290,299.4,22382
ACI,2019-04-25,300,308.9,299.8,304.1,12811
ACI,2019-04-28,294.1,294.1,277.5,277.5,50739
ACI,2019-04-29,274,274,256.4,258.2,49066
ACI,2019-04-30,258.4,263.5,242,245.6,48795
ACI,2019-05-02,255,267,248.2,266,17945
ACI,2019-05-05,264.8,271,260.4,262.8,33302
ACI,2019-05-06,262.8,264,259.1,260.6,14563
ACI,2019-05-07,261,261.9,258,260.1,13907
ACI,2019-05-08,260.1,260.1,257.5,257.6,12481
ACI,2019-05-09,257,259.7,255,256.2,9505
ACI,2019-05-12,256.3,258.3,255.2,256.5,10592
ACI,2019-05-13,258.5,258.5,255.1,256.1,8559
ACI,2019-05-14,256.2,258,253.2,254.1,6024
ACI,2019-05-15,257,257,251.3,252.6,8823
ACI,2019-05-16,253.1,254,251.5,253.2,3285
ACI,2019-05-19,254,257,253.3,255,15668
ACI,2019-05-20,256,260,254,255.1,4036
ACI,2019-05-21,254.2,257,251.5,253.4,3189
ACI,2019-05-22,253.1,254.5,251,251.6,6609
ACI,2019-05-23,253.3,253.3,248.3,248.6,9537
ACI,2019-05-26,248,250.6,240,240.9,13749
ACI,2019-05-27,240.2,247,240.2,243.3,7895
ACI,2019-05-28,245,248.2,243.4,247.5,3807
ACI,2019-05-29,247,247.5,245,246,8371
ACI,2019-05-30,248,250.9,246.5,250.5,10040
ACI,2019-06-09,250.5,253.1,250.5,253,5002
ACI,2019-06-10,254.9,255,253,254.9,7438
ACI,2019-06-11,254.9,265,254.1,263.7,27341
ACI,2019-06-12,263,264.9,260.8,261.6,19845
ACI,2019-06-13,260.3,263.9,260.1,262.6,13000
ACI,2019-06-14,262,266.9,262,265.5,24480
ACI,2019-06-15,266.1,277,266.1,275.9,40874
ACI,2019-06-16,278.5,278.5,270,274.7,12984
ACI,2019-06-17,274,274,270.3,272.4,12563
ACI,2019-06-18,272.4,273,271,272.2,13655
ACI,2019-06-19,272.2,272.2,265,269.9,9608
ACI,2019-06-20,262,269.7,262,265.6,8140
ACI,2019-06-21,265,270,265,267.7,8326
ACI,2019-06-22,263.7,270.5,263.7,269.8,15033
ACI,2019-06-23,266.5,270,266.4,268.9,16696
ACI,2019-06-24,269,276.8,269,274.7,28882
ACI,2019-06-25,275,275,272.1,273,10141
ACI,2019-06-26,273,275,271.1,273.9,8155
ACI,2019-06-27,273.5,274.7,271,271.8,11828
ACI,2019-06-28,271.5,271.5,269,269.6,2664
ACI,2019-06-29,268,271,266.5,266.8,7087
ACI,2019-06-30,264,268,255,256.9,27273
ACI,2019-07-01,262,262,252.1,255.1,11466
ACI,2019-07-02,251.2,257,250.7,254.1,4688
ACI,2019-07-03,262,262,252.3,254.6,18678
ACI,2019-07-04,254.6,254.6,247.1,248.4,14203
ACI,2019-07-05,249.4,252,249.4,250,11210
ACI,2019-07-06,248,253.9,243.3,246.1,15869
ACI,2019-07-07,246.2,247,245,246.2,10531
ACI,2019-07-08,248,249.9,243,243.4,10339
ACI,2019-07-09,241.7,245.7,241.5,243.2,6046
ACI,2019-07-10,243,253.8,241,251.6,8995
ACI,2019-07-11,250,253,246,250.7,1993
ACI,2019-07-12,248,250.7,248,250,11328
ACI,2019-07-13,250.6,254.6,249.5,254.1,10761
ACI,2019-07-14,255,255,253,254.6,14226
ACI,2019-07-15,256,256,253.8,254,10988
ACI,2019-07-16,258,258.5,254,255.4,13819
ACI,2019-07-17,255.2,258,255,258,10158
ACI,2019-07-18,258.1,260,251,251.6,17663
ACI,2019-07-19,253.1,255.9,252,253.5,9122
ACI,2019-07-20,255.9,260.8,253,259.6,20964
ACI,2019-07-21,260,279,260,272.2,37257
ACI,2019-07-22,272.2,279.4,269.1,278.1,36986
ACI,2019-07-23,278.1,302.4,278.1,302.4,73634
ACI,2019-07-24,310,328.8,310,318.4,134059
ACI,2019-07-25,319.5,319.5,300,303.7,65865
ACI,2019-07-26,303.7,309,290,291.8,35550
ACI,2019-07-27,292,300.9,292,295.6,25638
ACI,2019-07-28,298.9,301,288,292.4,17758
ACI,2019-07-29,292.4,292.4,280,283,18774
ACI,2019-07-30,284.1,299.8,283,296.5,24123
ACI,2019-07-31,296.6,296.6,285,288.9,16468
ACI,2019-08-01,287.5,288.8,284.1,286.1,14185
ACI,2019-08-02,286.1,286.1,280.6,281.3,11569
ACI,2019-08-03,281.3,283.8,270,274,20514
ACI,2019-08-04,270.1,279.8,270.1,274.9,9190
ACI,2019-08-05,275.1,288,273.2,277.3,18665
ACI,2019-08-06,277.4,288,277.3,281.8,13332
ACI,2019-08-07,281.8,282,279.5,280.4,12071
ACI,2019-08-08,279.9,279.9,275,276.7,7774
ACI,2019-08-09,277.8,277.8,272,272.7,11090
ACI,2019-08-10,276,276,268,269.6,14783
ACI,2019-08-11,274,274,268.3,269.1,9001
ACI,2019-08-12,269.6,271.8,268.7,270.6,8393
ACI,2019-08-13,271.6,272.5,269.2,269.6,9366
ACI,2019-08-14,268.6,270,261,262.3,8714
ACI,2019-08-15,262.3,268.1,260.6,262.9,5913
ACI,2019-08-16,262.9,266.6,260.3,264.1,9994
ACI,2019-08-17,269.8,271.5,264,264.8,12419
ACI,2019-08-18,264.9,266,260.6,261.8,12082
ACI,2019-08-19,261.9,261.9,258.1,259.9,9161
ACI,2019-08-20,259,267.5,257,257.6,14549
ACI,2019-08-21,264.9,269.7,258.3,259.1,8348
ACI,2019-08-22,260.3,263.7,255,255.2,14571
ACI,2019-08-23,259.5,262,258,260.3,6252
ACI,2019-08-24,257.7,260,253,255.5,7212
ACI,2019-08-25,250.3,259,250,257.6,3813
ACI,2019-08-26,255.1,259.3,255,256.5,2460
ACI,2019-08-27,256.2,257.9,252.1,253.8,4525
ACI,2019-08-28,251.3,255,251.2,253.7,11790
ACI,2019-08-29,253.7,253.7,248.1,250.1,6983
ACI,2019-08-30,248.2,248.2,239.1,240.4,7940
ACI,2019-08-31,241,241,229.1,230.1,35417
ACI,2019-09-01,235,239.4,231.6,236.1,19730
ACI,2019-09-02,238,238,226.1,229.9,14147
ACI,2019-09-03,228,231,225.3,228.9,5654
ACI,2019-09-04,229.1,233,229.1,229.7,5853
ACI,2019-09-05,230.1,231.5,225,227,4626
ACI,2019-09-06,225.1,225.1,217.5,219.3,14375
ACI,2019-09-07,219.3,222,214,217.8,7755
ACI,2019-09-08,219.9,233.9,219.9,229.7,6512
ACI,2019-09-09,229,235,227,231.9,9163
ACI,2019-09-10,230.3,230.3,226,226.4,6517
ACI,2019-09-11,227,227.5,218,219.4,8849
ACI,2019-09-12,216.2,218.9,210.3,217.7,18063
ACI,2019-09-13,215.5,223.7,215.5,217.7,5190
ACI,2019-09-14,217.7,224.9,217.7,224.1,8165
ACI,2019-09-15,226,227.8,222.6,224.6,9664
ACI,2019-09-16,225,225.9,222.5,223.9,6563
ACI,2019-09-17,222.4,232,222.4,227.8,23700
ACI,2019-09-18,226.2,246,226.2,237.9,20467
ACI,2019-09-19,248,249,227,229.2,25389
ACI,2019-09-20,234.9,270,233.7,242.5,173261
ACI,2019-09-21,240,240,230,232.5,28626
ACI,2019-09-22,232.5,236.1,230.1,232.9,22998
ACI,2019-09-23,231.3,237.9,227.1,233.9,20048
ACI,2019-09-24,236.5,236.5,229.5,230.2,42806
ACI,2019-09-25,233.8,233.9,229.5,230.3,21938
ACI,2019-09-26,230.3,234.9,230,231.3,57222
ACI,2019-09-27,231,238,230.5,235.7,27555
ACI,2019-09-28,236.3,247.5,236.3,244.7,38165
ACI,2019-09-29,246,266.1,246,262.3,88682
ACI,2019-09-30,261,272,261,268.1,72062
ACI,2019-10-01,259.5,262,258,260.3,6252
ACI,2019-10-02,257.7,260,253,255.5,7212
ACI,2019-10-03,250.3,259,250,257.6,3813
ACI,2019-10-06,255.1,259.3,255,256.5,2460
ACI,2019-10-07,256.2,257.9,252.1,253.8,4525
ACI,2019-10-09,251.3,255,251.2,253.7,11790
ACI,2019-10-10,253.7,253.7,248.1,250.1,6983
ACI,2019-10-13,248.2,248.2,239.1,240.4,7940
ACI,2019-10-14,241,241,229.1,230.1,35417
ACI,2019-10-15,235,239.4,231.6,236.1,19730
ACI,2019-10-16,238,238,226.1,229.9,14147
ACI,2019-10-17,228,231,225.3,228.9,5654
ACI,2019-10-20,229.1,233,229.1,229.7,5853
ACI,2019-10-21,230.1,231.5,225,227,4626
ACI,2019-10-22,225.1,225.1,217.5,219.3,14375
ACI,2019-10-23,219.3,222,214,217.8,7755
ACI,2019-10-24,219.9,233.9,219.9,229.7,6512
ACI,2019-10-27,229,235,227,231.9,9163
ACI,2019-10-28,230.3,230.3,226,226.4,6517
ACI,2019-10-29,227,227.5,218,219.4,8849
ACI,2019-10-30,216.2,218.9,210.3,217.7,18063
ACI,2019-10-31,215.5,223.7,215.5,217.7,5190
ACI,2019-11-03,217.7,224.9,217.7,224.1,8165
ACI,2019-11-04,226,227.8,222.6,224.6,9664
ACI,2019-11-05,225,225.9,222.5,223.9,6563
ACI,2019-11-06,222.4,232,222.4,227.8,23700
ACI,2019-11-07,226.2,246,226.2,237.9,20467
ACI,2019-11-11,248,249,227,229.2,25389
ACI,2019-11-12,234.9,270,233.7,242.5,173261
ACI,2019-11-13,240,240,230,232.5,28626
ACI,2019-11-14,232.5,236.1,230.1,232.9,22998
ACI,2019-11-17,231.3,237.9,227.1,233.9,20048
ACI,2019-11-18,236.5,236.5,229.5,230.2,42806
ACI,2019-11-19,233.8,233.9,229.5,230.3,21938
ACI,2019-11-20,230.3,234.9,230,231.3,57222
ACI,2019-11-21,231,238,230.5,235.7,27555
ACI,2019-11-24,236.3,247.5,236.3,244.7,38165
ACI,2019-11-25,246,266.1,246,262.3,88682
ACI,2019-11-26,261,272,261,268.1,72062
ACI,2019-11-27,269,270,260.1,265.9,49102
ACI,2019-11-28,267,274,261.2,271.9,87123
